business_name,address,phone,website,types,source_town,source_categories,rating,reviews,place_id,lat,lng
Dylans on the Terrace,"82-84 Stirling Terrace, Albany WA 6330, Australia",(08) 9841 8720,http://www.dylans.com.au/,"cafe,establishment,food,meal_takeaway,point_of_interest,restaurant,store",Albany,"restaurants,pubs and bars,cafes,takeaway food",4.6,1503,ChIJC6mDTCQnOSoRwang41zoab0,-35.0270309,117.8857116
Three Anchors,"2 Flinders Parade, Middleton Beach WA 6330, Australia",(08) 9841 1600,http://www.threeanchors.com.au/,"cafe,establishment,food,point_of_interest,restaurant,store",Albany,"restaurants,pubs and bars,cafes",4,1850,ChIJq_llkV0nOSoRkHXPeMMb4qw,-35.0256442,117.9162772
Sotao,"shop5/100 York St, Albany WA 6330, Australia",(08) 9842 3472,https://bookings.wowapps.com/make-booking/sotao,"bar,establishment,food,point_of_interest,restaurant",Albany,"restaurants,pubs and bars,cafes",4.9,226,ChIJXdfGLu0nOSoRWcfPE3_-R-8,-35.0275826,117.8840655
Rock Salt Restaurant Albany,"65 Frenchman Bay Rd, Albany WA 6330, Australia",0448 694 124,https://www.rocksaltalbany.com.au/,"bar,establishment,food,point_of_interest,restaurant",Albany,"restaurants,pubs and bars,cafes",4.3,526,ChIJ0eUmAsomOSoRBqyB6jLvNb8,-35.0267849,117.8557217
Due South,"6 Toll Pl, Albany WA 6330, Australia",(08) 9841 8526,http://duesouthalbany.com.au/,"bar,establishment,food,point_of_interest,restaurant",Albany,"restaurants,pubs and bars,cafes,takeaway food,sporting clubs",4.1,1863,ChIJ3XOoeCQnOSoRSdFnwVIBr64,-35.0298843,117.8861199
Rustlers Steakhouse & Grill,"222 Stirling Terrace, Albany WA 6330, Australia",(08) 9800 9191,https://www.rustlers.com.au/,"bar,establishment,food,point_of_interest,restaurant",Albany,"restaurants,pubs and bars,takeaway food",4.4,1917,ChIJV7ePuiUnOSoRbg1yIeLrv6U,-35.0274395,117.8809642
Garrison Restaurant & Bar,"7 Forts Rd, Mount Clarence WA 6330, Australia",(08) 9842 6654,http://www.garrison.net.au/,"bar,establishment,food,point_of_interest,restaurant",Albany,"restaurants,pubs and bars,cafes,takeaway food",4.1,911,ChIJX9_fImYnOSoRbzfrU8m1roo,-35.0310517,117.9123635
Liberté,"162 Stirling Terrace, Albany WA 6330, Australia",(08) 9847 4797,http://www.libertealbany.com.au/,"bar,establishment,food,point_of_interest,restaurant",Albany,"restaurants,pubs and bars,cafes,takeaway food",4.3,693,ChIJpRdgbCYnOSoR1_yw2_cdbQU,-35.0268608,117.8832502
VIEW Restaurant,"Albany Entertainment Centre, 2 Toll Pl, Albany WA 6330, Australia",(08) 9844 5040,https://www.artsculturetrust.wa.gov.au/venues/albany-entertainment-centre/food-and-drink/view-restaurant/,"establishment,food,point_of_interest,restaurant",Albany,"restaurants,cafes,takeaway food",4.2,82,ChIJGwxVgCMnOSoRm8j6F3Co99Y,-35.0293789,117.8854245
Six Degrees,"70 Stirling Terrace, Albany WA 6330, Australia",(08) 6156 9282,https://sixdegreesalbany.com.au/,"bar,establishment,food,point_of_interest,restaurant",Albany,"restaurants,pubs and bars,cafes,hotels,takeaway food,sporting clubs",4.1,1274,ChIJcy7drCUnOSoRDzlu2pvUvBE,-35.027089,117.886201
369 Bar & Grill,"369 Albany Hwy, Orana WA 6330, Australia",0431 263 056,http://369barandgrill.com.au/,"bar,establishment,food,lodging,point_of_interest,restaurant",Albany,"restaurants,pubs and bars,cafes",4.7,50,ChIJAVMWIHAhOSoR-TjDNk-Jbj4,-35.0013321,117.8627999
Majuba Bistro,"132 York St, Albany WA 6330, Australia",(08) 9841 1852,http://www.majuba.com.au/,"establishment,food,point_of_interest,restaurant",Albany,"restaurants,pubs and bars,cafes",4.4,359,ChIJKQJrFm4nOSoRsA63pCtLTsM,-35.02634,117.88407
The Earl of Spencer Historic Inn - Bar & Restaurant,"60 Earl St, Albany WA 6330, Australia",(08) 9847 4262,https://theearl.net.au/,"bar,establishment,food,point_of_interest,restaurant",Albany,"restaurants,pubs and bars",4.4,1018,ChIJ07fddiUnOSoRbxtDHglu5_w,-35.0249806,117.8871444
Luma Luma,"350 Middleton Loop, Albany WA 6330, Australia",0438 009 528,https://www.lumalumafood.com.au/,"establishment,food,meal_takeaway,point_of_interest,restaurant",Albany,"restaurants,cafes,takeaway food",4.7,31,ChIJ70QeyQcnOSoR12e3a2HDm74,-35.0202465,117.8841603
Together & Co,"3 Toll Pl, Albany WA 6330, Australia",(08) 9872 9200,,"establishment,food,point_of_interest,restaurant",Albany,"restaurants,cafes",4.7,9,ChIJAeVYFgAnOSoRVoSoEC2rXP4,-35.0293955,117.8869035
Wilson Brewing Company,"72 Stirling Terrace, Albany WA 6330, Australia",(08) 9841 1733,https://www.wilsonbrewing.com.au/,"bar,establishment,food,point_of_interest,restaurant",Albany,"restaurants,pubs and bars,cafes",4.4,368,ChIJ8TgCfdnpRSoR9Ng983WExDc,-35.0270282,117.8859071
Lime 303,"303 Middleton Rd, Mount Clarence WA 6330, Australia",(08) 9844 4444,http://www.dogrockmotel.com.au/lime303,"bar,establishment,food,point_of_interest,restaurant",Albany,"restaurants,pubs and bars,cafes,takeaway food",4.5,316,ChIJg41yny4nOSoRV75_ZN5UBaw,-35.0195086,117.8856726
Hybla Tavern,"11 Flinders Parade, Middleton Beach WA 6330, Australia",(08) 9841 1120,http://www.hybla.com.au/,"bar,establishment,food,liquor_store,point_of_interest,restaurant,store",Albany,"restaurants,pubs and bars,cafes",4.5,1420,ChIJm1Tv7lwnOSoR_4S5x_Xa3Oc,-35.0239455,117.9149726
Chilli Coconut HALAL Restaurant,"Hardie Rd, Spencer Park WA 6330, Australia",0447 601 557,,"establishment,food,point_of_interest,restaurant",Albany,restaurants,4.9,453,ChIJZ0hrNUwnOSoRj8ecgixuSIw,-35.008114,117.8983539
Southern Viet Bites,"184 York St, Albany WA 6330, Australia",(08) 6846 4343,https://www.facebook.com/p/Southern-Viet-Bites-100095502465302/,"establishment,food,point_of_interest,restaurant",Albany,"restaurants,cafes,takeaway food",4.6,146,ChIJA4BEPmYnOSoRREJQpVoNMgk,-35.0244189,117.8839211
Royal turban indian restaurant,"234 Albany Hwy, Albany WA 6330, Australia",0482 795 603,https://royalturbanindianrestaurant.com.au/menu/,"establishment,food,point_of_interest,restaurant",Albany,"restaurants,takeaway food",4.9,1166,ChIJxZ6l7oshOSoR5D68H4poZ2Q,-35.0112029,117.8714737
Little Italy Restaurant,"220 York St, Albany WA 6330, Australia",(08) 6812 0303,https://www.facebook.com/pages/category/Italian-Restaurant/Little-Italy-Restaurant-Pizzeria-Albany-1580253612101868/,"establishment,food,point_of_interest,restaurant",Albany,"restaurants,takeaway food",4.5,539,ChIJRRXSUQgnOSoRsaYRs_Tpiuc,-35.0235592,117.8836592
Albany Indian Tandoori Restaurant since 2011,"75 Frederick St, Albany WA 6330, Australia",0488 781 088,https://albanytandoori.com.au/,"establishment,food,point_of_interest,restaurant",Albany,"restaurants,takeaway food",4.5,1368,ChIJ17BRsCUnOSoRniN6KWeQqPM,-35.0262077,117.88594
Ocean & Paddock,"116 Middleton Rd, Middleton Beach WA 6330, Australia",(08) 9842 6212,http://www.oceanandpaddock.com.au/,"establishment,food,point_of_interest,restaurant",Albany,"restaurants,cafes,takeaway food",4.4,1632,ChIJBUY0R0YnOSoRD5pFSWlDGxc,-35.0208015,117.9054794
The Gaffer,"190 York St, Albany WA 6330, Australia",,https://www.thegaffer.com.au/,"establishment,food,point_of_interest,restaurant",Albany,"restaurants,takeaway food",4.5,195,ChIJSRUzIAAnOSoRRtWHs8taDS8,-35.0241541,117.8838099
Venice Pizza Bar & Restaurant,"179 York St, Albany WA 6330, Australia",(08) 9841 3978,http://www.thevenicealbany.com.au/,"establishment,food,point_of_interest,restaurant",Albany,"restaurants,takeaway food",4.5,1212,ChIJX1lpqSgnOSoRWZ66aCQ5K0U,-35.0246459,117.8833273
Baba Fattoush Café & Restaurant,"356/358 Middleton Rd, Albany WA 6330, Australia",0435 744 692,,"cafe,establishment,food,point_of_interest,restaurant,store",Albany,"restaurants,cafes,takeaway food",4.9,107,ChIJ_9T8G0UnOSoRHvL4KNOtFnA,-35.0204363,117.8840367
Emu Point Cafe,"1 Mermaid Ave, Emu Point WA 6330, Australia",(08) 9844 7207,http://www.emupointcafe.com.au/,"cafe,establishment,food,point_of_interest,restaurant,store",Albany,"restaurants,pubs and bars,cafes,takeaway food",4.2,1724,ChIJhQ_Bw0rfOCoR8b-16q0iVGs,-34.998219,117.9474567
Social Manna,"253 Albany Hwy, Victoria Park WA 6100, Australia",0491 260 941,https://socialmanna.com.au/,"cafe,establishment,food,point_of_interest,restaurant,store",Albany,"restaurants,pubs and bars,cafes",4.7,1306,ChIJj6pKu827MioRvxtNDQSkvLM,-31.9718526,115.8944223
Petra Restaurant,"1/361 Albany Hwy, Victoria Park WA 6100, Australia",0414 772 991,https://petrarestaurantonline.com.au/,"establishment,food,point_of_interest,restaurant",Albany,restaurants,4.6,1376,ChIJPXzu5Qe7MioRofFL4UoT-oI,-31.9738381,115.8968417
Ryan's Restaurant,"314 Albany Hwy, Centennial Park WA 6330, Australia",(08) 9841 2911,https://www.aceaccommodationalbany.com.au/,"establishment,food,point_of_interest,restaurant",Albany,restaurants,4.3,78,ChIJazS922ghOSoRUKMPj_uyqoI,-35.0049092,117.8675894
Kate's Place,"42 Stirling Terrace, Albany WA 6330, Australia",(08) 9842 9696,,"cafe,establishment,food,point_of_interest,restaurant,store",Albany,"restaurants,cafes,takeaway food",4.5,866,ChIJW7K5VyQnOSoRI-NA9xj9T3Q,-35.0271394,117.8868212
Frederick's Café,"36 Peels Pl, Albany WA 6330, Australia",(08) 9841 5112,https://www.facebook.com/frederickscafe1/,"cafe,establishment,food,point_of_interest,restaurant,store",Albany,"restaurants,cafes,takeaway food",4.4,539,ChIJRRgcESYnOSoRWVUrL-BALSY,-35.0256928,117.8839093
Whalers Galley Cafe,"81 Whaling Station Rd, Torndirrup WA 6330, Australia",(08) 9844 4711,,"cafe,establishment,food,point_of_interest,restaurant,store",Albany,"restaurants,cafes",3.9,183,ChIJq7w-hJfXOCoRUGziepC6vLc,-35.0951864,117.9593882
Kanpai Yakiniku,"280 Albany Hwy, Victoria Park WA 6100, Australia",(08) 9253 0379,http://www.kanpaiperth.com.au/,"establishment,food,point_of_interest,restaurant",Albany,restaurants,4.6,657,ChIJxa9RqF27MioRh7xZUfz7bxc,-31.9719106,115.8949926
Kirby's - Atelier de Cuisine,"176 Stirling Terrace, Albany WA 6330, Australia",0431 938 743,http://kirbys.com.au/,"establishment,food,point_of_interest,restaurant",Albany,restaurants,5,28,ChIJVVUl2CUnOSoR0KZsLrBl5-A,-35.0269581,117.8826706
Bay Merchants,"18 Adelaide Cres, Middleton Beach WA 6330, Australia",0400 360 674,https://aumaps.me/bay-merchants-128183-au,"cafe,establishment,food,liquor_store,point_of_interest,restaurant,store",Albany,"restaurants,cafes",4.3,369,ChIJ97c5L10nOSoRfA_fGvb9OJw,-35.0253721,117.9137905
Chanya Thai,"12/76 Proudlove Parade, Albany WA 6330, Australia",(08) 9800 1901,https://chanyathai.com.au/,"establishment,food,point_of_interest,restaurant",Albany,"restaurants,takeaway food",4.4,323,ChIJtzQcxDsnOSoR_tr_117iEuE,-35.02775,117.88649
Hooked On Middleton Beach Fish & Chips,"12/20 Adelaide Cres, Middleton Beach WA 6330, Australia",(08) 9842 2422,http://www.hookedonmiddletonbeach.com.au/,"establishment,food,point_of_interest,restaurant",Albany,"restaurants,takeaway food",4.4,1126,ChIJF9fpKF0nOSoRH9Dujtkr9b4,-35.0253675,117.9136318
Don Japanese Fusion,"338 Middleton Rd, Albany WA 6330, Australia",(08) 6812 0394,https://www.donjapanesefusion.com/,"establishment,food,point_of_interest,restaurant",Albany,"restaurants,takeaway food",4.4,285,ChIJzxjiZ_MnOSoRelrZaLIC298,-35.019972,117.884368
Colaba Social Indian Brasserie,"892 Albany Hwy, East Victoria Park WA 6101, Australia",0431 028 445,https://www.colabasocial.com.au/?utm_source=google&utm_medium=gmb&utm_campaign=local,"bar,establishment,food,meal_takeaway,point_of_interest,restaurant",Albany,"restaurants,pubs and bars",4.4,390,ChIJH-YpcRW7MioR6sZgMCgE8jg,-31.9861568,115.9043931
Chester Pass Lunch Bar,"23 Chester Pass Rd, Orana WA 6330, Australia",(08) 9841 5145,https://facebook.com/chesterpasslunchbar/,"establishment,food,point_of_interest,restaurant",Albany,"restaurants,pubs and bars,cafes",4.5,139,ChIJ4Wl-ISMhOSoR7bjqof2nQKo,-35.00124330000001,117.8675237
Joop Thai Restaurant,"130 Lockyer Ave, Centennial Park WA 6330, Australia",(08) 9841 5377,https://facebook.com/JoopThai/,"establishment,food,point_of_interest,restaurant",Albany,"restaurants,takeaway food",4.2,553,ChIJd2yEziwnOSoRFPA0KJZv560,-35.0144444,117.8858333
Cosi's Café,"3a/141 York St, Albany WA 6330, Australia",(08) 9841 7899,,"cafe,establishment,food,point_of_interest,restaurant,store",Albany,"restaurants,cafes,takeaway food",4.2,538,ChIJAQj3EiYnOSoRnaLIKI199Fc,-35.0260367,117.8832708
Sia’s Kitchen,"154 York St, Albany WA 6330, Australia",(08) 9842 1997,,"establishment,food,meal_takeaway,point_of_interest,restaurant",Albany,"restaurants,takeaway food",4.3,182,ChIJfXRr-osnOSoRTX-MqS34RJY,-35.0253082,117.8838192
Vancouver Street Cafe,"65 Vancouver St, Albany WA 6330, Australia",(08) 9841 2475,https://www.facebook.com/VancouverCafeAlbany/,"cafe,establishment,food,point_of_interest,restaurant,store",Albany,"restaurants,cafes,takeaway food",4.4,611,ChIJ9X-BktcmOSoRE0zCh7JyWzo,-35.0261173,117.8763337
Sage Cafe,"414 Albany Hwy, Victoria Park WA 6100, Australia",(08) 6222 6691,https://www.sagecafe.net.au/,"cafe,establishment,food,point_of_interest,restaurant",Albany,"restaurants,cafes",4.4,857,ChIJ473Ua3a7MioRErjNypSJTLg,-31.974749,115.8979132
Little India cafe and Restaurant Albany,"Shop 2/218 York St, Albany WA 6330, Australia",0473 733 433,https://www.littleindiaalbany.com/?location=11efb474e089f67799353cecef6dbab4,"establishment,food,point_of_interest,restaurant",Albany,"restaurants,takeaway food",4.5,128,ChIJLdL6WQAnOSoRisZMI_tves8,-35.0237578,117.8837468
Neho,"249 Albany Hwy, Victoria Park WA 6100, Australia",(08) 6263 0909,http://www.neho.com.au/,"establishment,food,point_of_interest,restaurant",Albany,restaurants,4.8,1561,ChIJISQ8fnS7MioRJH1vijLCsm4,-31.9717039,115.8942043
Dôme Café - Albany,"70 Albany Hwy, Albany WA 6330, Australia",(08) 9841 1933,http://www.domecoffees.com/,"cafe,establishment,food,point_of_interest,restaurant,store",Albany,"restaurants,cafes,takeaway food",4.1,821,ChIJYdLguSsnOSoRUuhORqLsJho,-35.0193498,117.881498
Crustelo,"69, Shop 2A/75 Lockyer Ave, Albany WA 6330, Australia",(08) 9841 2442,https://crustelo.com.au/,"establishment,food,point_of_interest,restaurant",Albany,"restaurants,takeaway food",5,2,ChIJp2QenL0nOSoReeyXMFIh95E,-35.0186114,117.8835608
TRAIN TO POCHA 포차행,"1/339 Albany Hwy, Victoria Park WA 6100, Australia",(08) 6507 7435,https://traintopochaonline.com.au/,"establishment,food,point_of_interest,restaurant",Albany,restaurants,4.3,367,ChIJXWKrc0i7MioRdMzwioyTgFU,-31.9733902,115.8964848
Sandalford Restaurant,"Sandalford Wines Building, 3210 W Swan Rd, Caversham WA 6055, Australia",(08) 9374 9301,https://www.sandalford.com/,"establishment,food,point_of_interest,restaurant",Albany,restaurants,4.9,2534,ChIJNbx_UCO3MioRBlHBDfwUBSI,-31.868727,115.9924667
The Kraken Albany,"256 Princess Royal Dr, Albany WA 6330, Australia",,,"establishment,food,point_of_interest,restaurant",Albany,"restaurants,takeaway food",4.3,50,ChIJExHhSJInOSoRlY4nNjHXRmk,-35.0305542,117.8886937
Yum Yum Tree Victoria Park,"319 Albany Hwy, Victoria Park WA 6100, Australia",0431 391 119,https://yumyumtree.com.au/,"establishment,food,point_of_interest,restaurant",Albany,restaurants,4.3,763,ChIJU1ApN3S7MioR5AEcx3x4eRs,-31.973041,115.8960502
Barrel Farm,"47898 South Coast Hwy, Albany WA 6330, Australia",0447 569 992,https://www.barrelfarm.com.au/,"establishment,food,point_of_interest",Albany,pubs and bars,4.3,186,ChIJVygKNf8jOSoRXfAOZglg7w8,-34.9963527,117.8088114
InSwing Sports Bar,"40 Sanford Rd, Centennial Park WA 6330, Australia",(08) 9841 7717,,"bar,establishment,point_of_interest",Albany,"pubs and bars,sporting clubs",4.5,311,ChIJpyjE5tQgOSoRvh_DMxoWElM,-35.0138978,117.8815762
Eve Late Night Bar,"Basement/338 Middleton Loop, Albany WA 6330, Australia",0466 472 273,https://evelatenightbar.com.au/,"bar,establishment,night_club,point_of_interest",Albany,pubs and bars,4,62,ChIJg4nps8cnOSoRqAaGp_oD0Ag,-35.019967,117.8845279
The Waverley Brewhouse,"Rooftop Dining, Carousel Shopping Centre, Shop R207, Level 2/1382 Albany Hwy, Cannington WA 6107, Australia",(08) 6424 8160,http://www.waverleybrewhouse.com.au/,"bar,establishment,food,point_of_interest,restaurant",Albany,pubs and bars,4.2,1868,ChIJmTsvnmy9MioRxXQ5bVAN5LQ,-32.0203074,115.9374143
Premier Hotel Albany,"194-208 York St, Albany WA 6330, Australia",(08) 9800 1803,http://www.premierhotelalbany.com.au/,"bar,establishment,point_of_interest",Albany,pubs and bars,4.3,452,ChIJRXaswXInOSoR12lK5hnIsWM,-35.0239856,117.883744
Somewhere in the Park,"243 Albany Hwy, Victoria Park WA 6100, Australia",0434 418 877,https://www.somewhereinthepark.social/,"bar,establishment,food,liquor_store,point_of_interest,restaurant,store",Albany,pubs and bars,4.2,397,ChIJw_LvCAC7MioR1yEougpiu-E,-31.9717199,115.8938566
Varsity Cannington,"1525 Albany Hwy, Beckenham WA 6107, Australia",(08) 6149 6699,https://www.varsity.com.au/,"bar,bowling_alley,establishment,food,point_of_interest,restaurant",Albany,pubs and bars,4.6,1121,ChIJf0ng6Qy_MioRg0n7X4KoxQc,-32.0284777,115.9513268
Broken Hill Hotel,"314 Albany Hwy, Victoria Park WA 6100, Australia",(08) 9361 1038,http://www.brokenhillhotel.com.au/,"bar,establishment,food,liquor_store,point_of_interest,restaurant,store",Albany,pubs and bars,4.3,713,ChIJLRORSXS7MioRkpkTszCW_Y4,-31.9726467,115.8961752
Elleker General Store & Tavern,"Lower Denmark Rd, Elleker WA 6330, Australia",(08) 9844 6367,,"bar,establishment,food,point_of_interest,restaurant",Albany,pubs and bars,4.6,69,ChIJ7YTi4SU9OSoRNJz637e1PoQ,-35.0085662,117.7244872
The Bentley,"1120-1124 Albany Hwy, Bentley WA 6102, Australia",(08) 9460 9928,https://bentleyhotel.com.au/,"bar,establishment,food,point_of_interest,restaurant",Albany,pubs and bars,4.2,1125,ChIJg0BwFmy8MioRdwVkM0VUoEg,-31.9997235,115.918148
Balmoral Hotel,"901 Albany Hwy, Victoria Park WA 6101, Australia",(08) 9355 4533,https://www.thebalmoral.com.au/,"bar,establishment,food,point_of_interest,restaurant",Albany,pubs and bars,4.4,4967,ChIJRxpbsYC7MioRsuWv8EvVYuU,-31.9871826,115.9045227
Stirling Club Incorporated,"14 Stirling Terrace, Albany WA 6330, Australia",(08) 9841 1711,,"bar,establishment,point_of_interest",Albany,"pubs and bars,sporting clubs",4.4,61,ChIJHUPpsSQnOSoRZ7sgA6q-0hU,-35.0280028,117.8890348
Gosnells Hotel,"2149 Albany Hwy, Gosnells WA 6110, Australia",(08) 9398 2224,https://www.gosnellshotel.com.au/,"bar,establishment,food,point_of_interest,restaurant",Albany,pubs and bars,4.3,3844,ChIJlZbNohCVMioREI51KxhyMWU,-32.0681707,115.9987528
Boston Brewing Co Vic Park,"660 Albany Hwy, Victoria Park WA 6100, Australia",(08) 9253 0894,http://www.summerhoney.com.au/,"bar,establishment,food,point_of_interest,restaurant",Albany,pubs and bars,4.5,1062,ChIJp7sqVAS7MioRy1U9Rec4wf8,-31.9807135,115.9007906
Dune Beer Co,"245 Emu Point Dr, Collingwood Park WA 6330, Australia",(08) 9844 7733,https://dunebeerco.com.au/,"establishment,food,point_of_interest",Albany,pubs and bars,4.3,126,ChIJL6H8GvAhOSoRijWeWNA3WPg,-35.003919,117.9244279
星期8 KINGKONG BAR & RESTAURANT,"4/1020 Albany Hwy, East Victoria Park WA 6101, Australia",0402 578 688,https://social.quandoo.com/en/groups/Kingkong%20Bar%20&%20Restaurant,"bar,establishment,food,point_of_interest,restaurant",Albany,pubs and bars,3.7,179,ChIJf7ZNOYC9MioRY_kWP3rHBBs,-31.9928512,115.9117507
Brooklands Tavern,"7 Holmes St, Southern River WA 6110, Australia",(08) 9490 9777,https://www.brooklands.com.au/,"bar,establishment,food,point_of_interest,restaurant",Albany,pubs and bars,4.4,3045,ChIJf3oLN3SWMioR2D0DOAvFtdA,-32.0904325,115.9434368
Queens Tavern,"520 Beaufort St, Highgate WA 6003, Australia",(08) 9328 7267,https://www.thequeens.com.au/,"bar,establishment,food,point_of_interest,restaurant",Albany,pubs and bars,4.4,4148,ChIJS99K_8O6MioR0Ev1pImBcw0,-31.9381962,115.8699798
Albany Hotel,"244 York St, Albany WA 6330, Australia",(08) 9842 3337,,"establishment,lodging,point_of_interest",Albany,"pubs and bars,hotels",3.7,292,ChIJkUZZ0ignOSoR2ZhJ2SCvP9Y,-35.0227394,117.8836669
The Ashby Bar & Bistro,"131 Pinjar Rd, Ashby WA 6065, Australia",(08) 9206 1966,https://www.theashbybarandbistro.com.au/,"bar,establishment,food,point_of_interest,restaurant",Albany,pubs and bars,4.1,1559,ChIJrXrfzB9TzSsRaH4rdj6Me_g,-31.7311274,115.80439
The Carlisle Bar & Bistro,"174 Rutland Ave, Carlisle WA 6101, Australia",(08) 9361 1544,https://thecarlislebarandbistro.com.au/,"bar,establishment,food,liquor_store,night_club,point_of_interest,restaurant,store",Albany,pubs and bars,4.1,1047,ChIJ2e-OjoW7MioRGkFpmJiSkSg,-31.9797631,115.9108697
Brew Garage,"20 Milford St, East Victoria Park WA 6101, Australia",0486 035 890,https://brewgarage.beer/,"bar,establishment,food,liquor_store,meal_takeaway,point_of_interest,restaurant,store",Albany,pubs and bars,5,168,ChIJ-_7qFX29MioREPb4fcWLY7U,-31.9908229,115.9161116
8 Knots Tavern,"110 Riverside Rd, East Fremantle WA 6158, Australia",(08) 6156 3768,http://8knots.com.au/,"bar,establishment,food,point_of_interest,restaurant",Albany,pubs and bars,4.2,1230,ChIJqXhjSj-jMioRnfRGuABrXY0,-32.0258812,115.7656342
Empire Bar,"220 Great Eastern Hwy, Lathlain WA 6100, Australia",(08) 9470 3778,https://www.empirebar.com.au/,"bar,establishment,food,point_of_interest,restaurant",Albany,pubs and bars,4.2,1753,ChIJyQlIH6e7MioRLfntgNnxL1s,-31.9611341,115.9023653
French Toast,"2 Birss St, Emu Point WA 6330, Australia",0403 860 610,,"bar,cafe,establishment,food,meal_takeaway,point_of_interest,restaurant",Albany,pubs and bars,4.5,2,ChIJ49MsOvInOSoRd7UY3rZ8z3o,-34.9984044,117.9404625
LEGENDZ Lunch,"1802 Albany Hwy, Kenwick WA 6107, Australia",0405 151 551,,"bar,establishment,food,point_of_interest,restaurant",Albany,pubs and bars,4.7,145,ChIJcaj2ljy-MioRRqPwq25UYWo,-32.0455631,115.9749704
Criniti’s Carousel,"Westfield Carousel, R211/1382 Albany Hwy, Cannington WA 6107, Australia",(02) 8026 7700,https://www.crinitis.com.au/?utm_content=Criniti's+Carousel+-+Cannington&utm_campaign=Google+My+Business&utm_medium=organic&utm_source=google&utm_term=plcid_9860968465104616760,"establishment,food,point_of_interest,restaurant",Albany,pubs and bars,4.3,2687,ChIJj0S3Wyy8MioRxMqDhAMT2KQ,-32.0184226,115.9386694
MoMo Planet,"315-317 Albany Hwy, Victoria Park WA 6100, Australia",0469 790 795,http://www.momoplanetperth.com/,"bar,establishment,food,point_of_interest,restaurant",Albany,pubs and bars,4.4,993,ChIJ64HoMp27MioRkeyzIZeQQj0,-31.9729299,115.895998
La Fontana,"270 Albany Hwy, Albany WA 6330, Australia",(08) 9841 7399,http://www.sleepwellmotel.com.au/,"bar,establishment,food,point_of_interest,restaurant",Albany,pubs and bars,3.8,4,ChIJlbkzgC8hOSoRBqJHth6yjRU,-35.0083136,117.8696267
Gourmandise & Co,"56 Stirling Terrace, Albany WA 6330, Australia",0466 571 222,,"cafe,establishment,food,point_of_interest",Albany,"cafes,takeaway food",4.6,538,ChIJ163fUCQnOSoRNIrOypQJ6zQ,-35.0270926,117.8864054
HazBeanz Finestkind Coffee,"5d Toll Pl, Albany WA 6330, Australia",,https://www.facebook.com/hazbeanz/,"cafe,establishment,food,point_of_interest,store",Albany,"cafes,takeaway food",4.6,441,ChIJXbhvfyQnOSoRzhrbwQgxGZc,-35.0300315,117.8869382
The Naked Bean Coffee Roasters,"242 Middleton Rd, Mira Mar WA 6330, Australia",(08) 9841 4225,http://www.thenakedbean.com.au/,"cafe,establishment,food,point_of_interest,store",Albany,cafes,4.5,277,ChIJT3HB0zMnOSoRnUB6Og-kkjk,-35.0171313,117.892997
Cafe Eighty2,"953 Albany Hwy, East Victoria Park WA 6101, Australia",0402 770 391,,"cafe,establishment,food,point_of_interest,restaurant,store",Albany,cafes,4.6,513,ChIJ0415_v69MioR28D40Jv-85w,-31.9897395,115.906854
The Well Cafe,"20 Bethel Way, Yakamia WA 6330, Australia",0402 559 539,,"cafe,establishment,food,point_of_interest",Albany,cafes,5,11,ChIJVWnqYpAhOSoRNWVLR3gqzFI,-35.0046044,117.8811738
Brew Lane Drive-Thru Coffee,"Unit 1/17 Sanford Rd, Centennial Park WA 6330, Australia",0411 376 880,http://brewlane.com.au/,"cafe,establishment,food,meal_takeaway,point_of_interest,restaurant,store",Albany,"cafes,takeaway food",4.7,128,ChIJeWJjtCAnOSoREZE8soJRpVw,-35.0159957,117.8796069
Hardie Rd Cafe,"7/3 Hardie Rd, Spencer Park WA 6330, Australia",(08) 6830 1300,https://www.hardierdcafe.com.au/,"cafe,establishment,food,point_of_interest,store",Albany,cafes,4.6,30,ChIJYz8W3cYhOSoRCMlj0pp6R4E,-35.0079664,117.8983916
The Store on Frederick,"55 Frederick St, Albany WA 6330, Australia",0410 788 095,http://restaurantwebexperts.com/TheStoreonFrederick/,"cafe,establishment,food,point_of_interest,store",Albany,cafes,4.6,193,ChIJl0BBqyUnOSoRVI82f_pp53c,-35.026286,117.8866348
The Sparrow's Nest,"1/912 Albany Hwy, East Victoria Park WA 6101, Australia",0419 924 236,https://www.facebook.com/TheSparrowsNestCafe,"cafe,establishment,food,point_of_interest,restaurant,store",Albany,cafes,4.2,534,ChIJ4f6MsoC7MioRXjRp6yZeJc8,-31.9872894,115.9050322
Sixteen Ounces,"257 Albany Hwy, Victoria Park WA 6100, Australia",0478 360 025,http://www.sixteenounces.com.au/,"cafe,establishment,food,point_of_interest,restaurant,store",Albany,cafes,4.5,664,ChIJuZKjfHS7MioRIqv_bmZRask,-31.9719573,115.8944678
Yolandas Cafe,"9/1296 Albany Hwy, Cannington WA 6107, Australia",(08) 8268 8141,https://yolandas-cafe-catering.square.site/,"cafe,establishment,food,point_of_interest,restaurant,store",Albany,cafes,4.7,190,ChIJz-m6pjC8MioR5j9EPI3IxU0,-32.0146392,115.9301018
The Imp Cafe,"863 Albany Hwy, East Victoria Park WA 6101, Australia",0402 136 567,,"cafe,establishment,food,meal_takeaway,point_of_interest,restaurant,store",Albany,cafes,4.5,898,ChIJJ3WzG4G7MioRwKZJFvd20lk,-31.9852299,115.9033156
Harvest Espresso,"629 Albany Hwy, Victoria Park WA 6100, Australia",0466 107 157,https://social.quandoo.com/en/groups/harvest-espresso,"cafe,establishment,food,point_of_interest,restaurant,store",Albany,cafes,4.4,680,ChIJ6drBnoK7MioRftEWdk58mlg,-31.9800633,115.8999372
STOP Cafe & Catering,"132 Chester Pass Rd, Lange WA 6330, Australia",,http://www.stopcafe.com.au/,"cafe,establishment,food,point_of_interest,restaurant,store",Albany,cafes,4.4,55,ChIJjScYjCIhOSoRKU8bxDez3BI,-34.9933825,117.8742888
Canning River Cafe,"Kent St &, Queens Park Rd, Wilson WA 6107, Australia",(08) 9358 4884,http://www.canningrivercafe.com/,"cafe,establishment,food,point_of_interest,restaurant,store",Albany,cafes,4.2,1324,ChIJ_RIY5km8MioRi8AnpvV-3oQ,-32.0210223,115.9218452
Solomon Merchants,"4/21 Sanford Rd, Albany WA 6330, Australia",0482 039 575,http://solomonmerchants.com/,"cafe,establishment,food,grocery_or_supermarket,health,point_of_interest,store",Albany,"cafes,supermarkets and convenience stores",4.5,156,ChIJuRDWViQnOSoRbCEmpi69FVs,-35.015565,117.880259
White Elephant Cafe - Margaret River,"1 Gnarabup Rd, Gnarabup WA 6285, Australia",(08) 9757 1990,http://www.whiteelephantcafe.com.au/,"cafe,establishment,food,point_of_interest,restaurant,store",Albany,cafes,4.5,2375,ChIJb2E1IUGtLyoR-a6INweFt-E,-33.99064060000001,114.9912133
Bespoke Bar and Bistro,"400 Albany Hwy, Victoria Park WA 6100, Australia",0452 054 313,https://ozfoodhunter.com.au/bespoke-bar-and-bistro,"cafe,establishment,food,meal_takeaway,point_of_interest,restaurant,store",Albany,cafes,4.7,412,ChIJIfp-09y7MioRlN4OBIfzcMo,-31.9743384,115.8974774
Modus Coffee,"5/660 Albany Hwy, Victoria Park WA 6100, Australia",,http://modus.coffee/,"cafe,establishment,food,point_of_interest,restaurant,store",Albany,cafes,4.4,267,ChIJHyVxdZO7MioR-5y7fDZXf4E,-31.9807709,115.9007975
Dôme Café - East Victoria Park,"897 Albany Hwy, East Victoria Park WA 6101, Australia",(08) 9470 2221,http://www.domecoffees.com/,"cafe,establishment,food,point_of_interest,restaurant,store",Albany,cafes,4.1,936,ChIJydHQDIG7MioRvjJGJh1p6CE,-31.986816,115.904427
ATSARA CAFE,"15/366 Albany Hwy, Victoria Park WA 6100, Australia",0413 458 109,,"establishment,food,point_of_interest,restaurant",Albany,cafes,4.6,88,ChIJTXNwCqq7MioRxMH-46DcCGM,-31.9738529,115.8980081
The Prophet Lebanese Cafe,"907A Albany Hwy, East Victoria Park WA 6101, Australia",(08) 9361 1101,https://www.theprophetcafe.com.au/,"cafe,establishment,food,point_of_interest,restaurant,store",Albany,cafes,4.5,1218,ChIJwQSrvIC7MioR0ft_RdbqubY,-31.9874053,115.9047619
Santai² Cafe Perth,"1018 Albany Hwy, East Victoria Park WA 6101, Australia",0432 372 725,,"establishment,food,point_of_interest,restaurant",Albany,cafes,4.5,240,ChIJe-N-f2u7MioRW0kkSPdj57w,-31.9928223,115.9116069
Satchmo Café,"410 Fitzgerald St, North Perth WA 6006, Australia",0422 233 664,http://satchmocafe.com.au/,"cafe,establishment,food,point_of_interest,restaurant,store",Albany,cafes,4.5,765,ChIJNeELaba6MioRcuQ6itdCv_w,-31.9324888,115.8593173
Hilton Garden Inn Albany,"3 Toll Pl, Albany WA 6330, Australia",(08) 9872 9200,https://www.hilton.com/en/hotels/alhgigi-hilton-garden-inn-albany/?SEO_id=GMB-APAC-GI-ALHGIGI,"establishment,lodging,point_of_interest",Albany,hotels,4.4,543,ChIJGX5fnCMnOSoRydMBlUVMBfg,-35.0296488,117.8866398
Six Degrees Albany CBD Boutique Hotel,"70 Stirling Terrace, Albany WA 6330, Australia",(08) 6156 9281,https://sixdegreesalbany.com.au/,"establishment,lodging,point_of_interest",Albany,hotels,4.1,356,ChIJo4DWqyUnOSoR-TjN2XPvjFc,-35.0270922,117.8862495
Dolphin Lodge Albany,"32 Adelaide Cres, Middleton Beach WA 6330, Australia",(08) 9841 6600,http://www.dolphinlodge.com.au/,"establishment,lodging,point_of_interest",Albany,hotels,4.4,439,ChIJC8KrIEMnOSoRUa0qAyM5v_I,-35.0254237,117.912046
ibis Styles Albany,"369 Albany Hwy, Albany WA 6330, Australia",(08) 6834 8850,https://www.ibisstylesalbany.com/,"establishment,lodging,point_of_interest",Albany,hotels,3.6,544,ChIJ00U8pD0hOSoRkP3VD1pOVYo,-35.001321,117.8627678
Albany Bayview lodge,"38 Stirling Terrace, Albany WA 6330, Australia",(08) 9841 8848,http://www.albanybayview.com/,"establishment,lodging,point_of_interest",Albany,hotels,4,92,ChIJq9NKzycnOSoR7kBwHOKKkuU,-35.0270927,117.8867944
Pelicans Albany,"3 Golf Links Rd, Middleton Beach WA 6330, Australia",(08) 9841 7500,http://pelicansalbany.com/,"establishment,lodging,point_of_interest",Albany,hotels,4.5,257,ChIJ-fAfJkMnOSoR6Xf1DkMyp2I,-35.0251083,117.9123764
Mandala Ace Albany Hotel,"314 Albany Hwy, Albany WA 6330, Australia",(08) 9841 2911,https://mandalaacealbany.com.au/,"establishment,lodging,point_of_interest",Albany,hotels,4.1,623,ChIJt2BTE-ohOSoRTUtGlu4b2vg,-35.0049092,117.8675894
SureStay Hotel by Best Western The Clarence on Melville,"191 Albany Hwy, Mount Melville WA 6330, Australia",(08) 9841 4144,https://www.theclarenceonmelville.com/,"establishment,lodging,point_of_interest",Albany,hotels,3.9,289,ChIJVxF7CishOSoRvRga5_Yad-8,-35.0143635,117.8738921
Motel Le Grande,"479 Albany Hwy, Albany WA 6330, Australia",(08) 9841 3600,http://www.legrande.com.au/,"establishment,lodging,point_of_interest",Albany,hotels,4.5,457,ChIJTcV4Wg0hOSoRLT-bZOJ5R5E,-34.9909215,117.8551156
Sleepwell Motel,"270 Albany Hwy, Albany WA 6330, Australia",(08) 9841 7399,http://www.sleepwellmotel.com.au/,"establishment,lodging,point_of_interest",Albany,hotels,3.7,400,ChIJmxd4fy8hOSoRFzM4DbVo4MA,-35.0083473,117.8696282
Country Comfort Amity Motel,"234 Albany Hwy, Albany WA 6330, Australia",(08) 9841 2200,http://www.amitymotel.com.au/,"establishment,lodging,point_of_interest",Albany,hotels,4.2,322,ChIJBXE3uC4hOSoR41lL-vn6u34,-35.0112505,117.8715317
Kinsellas Water Views Accommodation Albany,"75 Festing St, Albany WA 6330, Australia",0499 489 857,,"establishment,lodging,point_of_interest",Albany,hotels,5,8,ChIJdfDUK1InOSoR38hq6Ba2R8s,-35.0264975,117.8711977
BIG4 Middleton Beach Holiday Park,"28 Flinders Parade, Middleton Beach WA 6330, Australia",(08) 9841 3593,https://www.big4middletonbeach.com.au/,"establishment,lodging,point_of_interest,rv_park",Albany,hotels,4.6,689,ChIJsQqWnFwnOSoRMk4_WAoSVc4,-35.0225437,117.9153666
The Beach House at Bayside,"33 Barry Ct, Albany WA 6330, Australia",0430 156 396,https://www.thebeachhouseatbayside.com.au/,"establishment,lodging,point_of_interest",Albany,hotels,4.9,125,ChIJd-Eo6arYOCoR8cRcOqBlQ34,-35.0055623,117.9269263
Albany Motel & Apartments,"41 Frederick St, Albany WA 6330, Australia",(08) 9842 7670,https://www.albanymotel.com.au/,"establishment,lodging,point_of_interest",Albany,hotels,4.3,377,ChIJO2SnAyUnOSoRtqnvpWIkO8Q,-35.0265847,117.886951
Saltair Luxury Accommodation,"56 Wylie Cres, Middleton Beach WA 6330, Australia",0417 270 756,http://www.saltair.au/,"establishment,lodging,point_of_interest",Albany,hotels,4.6,54,ChIJXftt8EMnOSoR2IkHIQ2b7z4,-35.0244916,117.9082075
Rose Gardens Holiday Park,"45 Mermaid Ave, Emu Point WA 6330, Australia",(08) 6444 6500,http://www.rosegardensholidaypark.com.au/,"establishment,lodging,point_of_interest,rv_park",Albany,hotels,3.6,441,ChIJNft6d0vfOCoRApzUaM7467I,-34.9991035,117.9429092
Tasman Holiday Parks - Albany,"22 Wellington St, Centennial Park WA 6330, Australia",(08) 9841 4616,https://tasmanholidayparks.com/au/albany/?utm_source=google&utm_medium=organic&utm_campaign=gbp-albany,"campground,establishment,lodging,point_of_interest,rv_park",Albany,hotels,4.5,716,ChIJBYPasi4hOSoRioeqWKdwbEw,-35.0112501,117.8724171
Albany Holiday Units,"19/21 Golf Links Rd, Middleton Beach WA 6330, Australia",(08) 9841 7817,http://www.albanyholidayunits.com.au/,"establishment,lodging,point_of_interest",Albany,hotels,4.4,156,ChIJo-LUWkMnOSoRLH_1j_-I7JE,-35.0231193,117.9121144
Dog Rock Motel,"303 Middleton Rd, Mount Clarence WA 6330, Australia",(08) 9845 7200,http://www.dogrockmotel.com.au/,"establishment,food,lodging,point_of_interest,restaurant",Albany,hotels,4.3,461,ChIJg41yny4nOSoRh7keccBjn-A,-35.0195291,117.8857108
Lilacs Waterfront villas & cottages,"151 Frenchman Bay Rd, Robinson WA 6330, Australia",(08) 9841 2390,https://www.lilacs.net.au/,"establishment,lodging,point_of_interest",Albany,hotels,4.2,82,ChIJQ-RYjbkmOSoRYllp3J_Hve4,-35.0347202,117.8492291
Spencer Suites Albany,"69 Spencer St, Albany WA 6330, Australia",(08) 9842 8084,http://www.spencersuitesalbany.com.au/,"establishment,lodging,point_of_interest",Albany,hotels,4.7,72,ChIJ_e8ReSUnOSoRMD_Ty6HzY5s,-35.02447799999999,117.887066
Quality Apartments Banksia Albany,"212 Albany Hwy, Albany WA 6330, Australia",(08) 9842 4111,http://www.banksiaalbany.com.au/,"establishment,lodging,point_of_interest",Albany,hotels,4.4,170,ChIJAYqiri4hOSoR1wUbnQp8aS8,-35.0124816,117.8728637
Emu Point Motel,"1 Medcalf Parade, Emu Point WA 6330, Australia",(08) 9844 1001,http://www.emupointmotel.com.au/,"establishment,lodging,point_of_interest",Albany,hotels,4.6,227,ChIJbZ79lk3fOCoREEY-kv0tIH4,-34.9986038,117.9376373
Albany Harbourside Apartments and Houses,"8 Festing St, Albany WA 6330, Australia",(08) 9842 1769,https://www.albanyharbourside.com.au/,"establishment,lodging,point_of_interest",Albany,hotels,5,6,ChIJ0dOW_cAnOSoR8phC96wZ02M,-35.0278627,117.879077
Albany Waves,"14 Marine Terrace, Middleton Beach WA 6330, Australia",0437 371 565,https://albanywaves.com.au/,"establishment,lodging,point_of_interest",Albany,hotels,4.6,25,ChIJz5_TxlwnOSoR0wzCptEZ8Ck,-35.0238509,117.9140757
Emu Beach Chalets,"9 Medcalf Parade, Emu Point WA 6330, Australia",(08) 9844 8889,http://www.emubeachchalets.com.au/,"establishment,lodging,point_of_interest",Albany,hotels,4.4,129,ChIJnyhfp1LfOCoRQgl4qsgtfWs,-35.0006497,117.9366775
Albany Central Apartments,"41 Collie St, Albany WA 6330, Australia",(08) 6850 0833,https://www.albanycentralapartments.com.au/,"establishment,lodging,point_of_interest",Albany,hotels,4.1,33,ChIJuTmvPCYnOSoRl1VSpAsno3A,-35.0257974,117.8818944
BIG4 Emu Beach Holiday Park,"8 Medcalf Parade, Emu Point WA 6330, Australia",(08) 9844 1147,http://www.big4emubeach.com.au/,"campground,establishment,lodging,point_of_interest,rv_park",Albany,hotels,4.6,1102,ChIJVSqtsUzfOCoRK3Y2J7ACbHg,-35.0000834,117.9382118
Albany Harbourside Apartments and Houses - Earl Street Apartments,"15 Earl St, Albany WA 6330, Australia",(08) 9842 1769,https://www.albanyharbourside.com.au/,"establishment,lodging,point_of_interest",Albany,hotels,4.6,8,ChIJDRU4MjsnOSoRyRSV5I0Y7Ks,-35.0267332,117.8900095
Waratah,"212 Albany Hwy, Goode Beach WA 6330, Australia",,,"establishment,point_of_interest",Albany,hotels,,,ChIJhzL27yshOSoRb9_Gpmc-vEA,-35.012947,117.872958
Three Chimneys Bed & Breakfast,"32 Spencer St, Albany WA 6330, Australia",0427 634 015,http://www.threechimneysbandb.com.au/,"establishment,lodging,point_of_interest",Albany,hotels,4.7,26,ChIJCRLT-iQnOSoRs8KTAdF7_0E,-35.0269409,117.8874131
Salt 112,"112 Middleton Rd, Middleton Beach WA 6330, Australia",0417 270 756,http://www.salt112.com.au/,"establishment,lodging,point_of_interest",Albany,hotels,5,5,ChIJ2-YFN0snOSoRVe7k_dNMVMo,-35.0209866,117.9059741
Mill View Link,"181 Grey St W, Albany WA 6330, Australia",0447 284 487,https://www.millviewlink.com.au/,"establishment,lodging,point_of_interest,real_estate_agency",Albany,hotels,4.5,25,ChIJNbzPISgnOSoRVjnnlSxm3XA,-35.02492,117.87825
Albany Foreshore Guest House,"86 Stirling Terrace, Albany WA 6330, Australia",0412 704 794,http://www.albanyforeshoreguesthouse.com.au/,"establishment,lodging,point_of_interest",Albany,hotels,4.3,59,ChIJtbtrSyQnOSoRKoErCHAekSw,-35.0269352,117.8855603
Albany Bayside Villas,"17 Dillon Cl, Albany WA 6330, Australia",1800 335 995,http://www.albanybaysidevillas.com/,"establishment,lodging,point_of_interest",Albany,hotels,4.6,27,ChIJk_MAWarYOCoRn2hEoHKvzJI,-35.00641239999999,117.9267597
Middleton Mews No. 9,"182-184 Middleton Rd, Mira Mar WA 6330, Australia",0447 284 487,https://albanyholidayaccommodation.com.au/,"establishment,lodging,point_of_interest",Albany,hotels,4.6,16,ChIJb5E6xZEnOSoRbHbFQonrjzc,-35.0177613,117.8995585
Hanover Bay Apartments Albany,"3 Festing St, Albany WA 6330, Australia",0429 389 062,https://www.hanoverbay.com.au/,"establishment,lodging,point_of_interest",Albany,hotels,4.6,21,ChIJKWqwnycnOSoRx_ASgCZpSX8,-35.0282282,117.8793924
Cusack's of Albany,"11 Hall Rise, Yakamia WA 6330, Australia",(08) 9842 5602,,"establishment,lodging,point_of_interest",Albany,hotels,5,11,ChIJiwB8HNkgOSoRngRVRsw24JE,-35.0018,117.8813
1849 Backpackers,"45 Peels Pl, Albany WA 6330, Australia",(08) 9841 1574,https://us2.cloudbeds.com/reservation/u6XHh6,"establishment,lodging,point_of_interest",Albany,"hotels,sporting clubs",3.8,319,ChIJJ91UDCYnOSoRugGiQ3UT9RU,-35.0259995,117.8828636
Middleton Views,"64 Hare St, Middleton Beach WA 6330, Australia",,https://www.middletonviews.com.au/,"establishment,lodging,point_of_interest",Albany,hotels,4.3,6,ChIJa2oQ2kwnOSoRqUI8oqUfRzM,-35.0261936,117.9084916
Sunrise House,"166 Bay View Dr, Little Grove WA 6330, Australia",0458 632 416,https://www.waholidayguide.com.au/sunrise-house#lg=1&slide=14,"establishment,lodging,point_of_interest",Albany,hotels,5,23,ChIJA0mYQqsnOSoRge1KUsy2YlM,-35.0627427,117.8695244
Park Avenue Holiday Units,"13 Golf Links Rd, Middleton Beach WA 6330, Australia",(08) 9842 5242,http://www.parkavenueholidayunits.com.au/,"establishment,lodging,point_of_interest",Albany,hotels,4.2,66,ChIJDeaKQUMnOSoRqGH7reohSSw,-35.0239145,117.9123961
Big Grove B&B,"15 Panorama Rd, Big Grove WA 6330, Australia",(08) 9844 4423,https://sites.google.com/view/big-grove-bed-and-breakfast/home?fbclid=IwY2xjawKjpjIBHRF6Ydza7iSr-0eGD5DEez9hdV3GuglxWaYVeD0TasgikK6NMb-SJDnb9A,"establishment,lodging,point_of_interest",Albany,hotels,4.9,24,ChIJXTjngMsnOSoReIURmsBsVQA,-35.080831,117.881861
Vancouver's End by the BnB Collection,"94 Vancouver St, Albany WA 6330, Australia",(08) 9842 4111,,"establishment,lodging,point_of_interest",Albany,hotels,,,ChIJSTokQdcmOSoRARl3Ec8aeOM,-35.02637199999999,117.873327
Alfra 23,"23 Festing St, Albany WA 6330, Australia",0402 780 395,,"establishment,lodging,point_of_interest",Albany,hotels,,,ChIJ9as6b9gmOSoRrIDMOFaUH10,-35.02834,117.876976
Harbourside Motel,"77 Frenchman Bay Rd, Mount Elphinstone WA 6330, Australia",(08) 9841 4688,,"establishment,lodging,point_of_interest",Albany,hotels,4.3,68,ChIJwzTvArYmOSoR4RwYuFLaEwA,-35.0276039,117.8545117
Middleton Bay Retreat,"20 Barry Ct, Collingwood Park WA 6330, Australia",0427 552 588,https://www.booking.com/Pulse-4cQ9fq,"establishment,lodging,point_of_interest",Albany,hotels,4.6,16,ChIJtd4P8qrYOCoRau4a7sVbdNI,-35.006278,117.9266553
Emu Point Beach Cottages,"18 Hunter St, Emu Point WA 6330, Australia",0413 355 736,http://www.emupointbeachcottages.com.au/,"establishment,lodging,point_of_interest",Albany,hotels,4,8,ChIJK1ltiEvfOCoRxyMp1GsnL8Y,-34.9968719,117.9425761
C'est La Vie B&B,"36 McLeod St, Mira Mar WA 6330, Australia",0429 412 424,https://cestlavie.traveleto.com/,"establishment,lodging,point_of_interest",Albany,hotels,3.9,22,ChIJ2Txs3UgnOSoRNvTJI92HzNA,-35.0171317,117.9062479
Balneaire Seaside Resort,"21 Adelaide Cres, Middleton Beach WA 6330, Australia",(08) 9842 2877,https://balneaire-seaside-resort.wcom.au/,"establishment,lodging,point_of_interest",Albany,hotels,4.2,35,ChIJD-Mz0EInOSoRnhNJ6Q0iOWc,-35.0257806,117.9128509
Ocean Mist Villa,"6330/24 Barry Ct, Collingwood Park WA 6330, Australia",(08) 9844 3540,http://www.oceanmistvilla.com.au/,"establishment,lodging,point_of_interest,real_estate_agency,travel_agency",Albany,hotels,4.3,4,ChIJbxoF8arYOCoRWuKBBjHD6bk,-35.0060328,117.9268729
Vancouver Views,"44 Vancouver St, Albany WA 6330, Australia",,,"establishment,point_of_interest",Albany,hotels,,,ChIJjQyDHCgnOSoRGLo3emzRoaA,-35.0254421,117.8783772
Acclaim Albany Holiday Park,"550 Albany Hwy, Albany WA 6330, Australia",(08) 9841 7800,http://www.acclaimparks.com.au/,"establishment,lodging,point_of_interest",Albany,hotels,3.6,266,ChIJLWcbEnUhOSoRcFnknFcptMI,-34.98382,117.85242
Golf and Beach Retreat,"18 Barry Ct, Collingwood Park WA 6330, Australia",0419 048 724,,"establishment,lodging,point_of_interest",Albany,hotels,4.8,4,ChIJvTyG9KrYOCoRVw01dH437Do,-35.0063206,117.9265319
Albany Backpackers,"Stirling Terrace &, Spencer St, Albany WA 6330, Australia",(08) 9841 8848,http://www.albanybackpackers.com/,"establishment,lodging,point_of_interest",Albany,hotels,4,38,ChIJ7ZTY9iQnOSoRrZUPc2K17JU,-35.02725,117.8869303
Nisus View,"3 Nisus View, Mount Melville WA 6330, Australia",0447 284 487,http://www.millviewlink.com.au/,"establishment,lodging,point_of_interest",Albany,hotels,,,ChIJU6c1xr0nOSoRVSRVvhfDnCU,-35.0178557,117.8758298
Woody Grange Chalets,"208 Willyung Rd, Albany WA 6330, Australia",(08) 9844 3458,http://www.woodygrangechalets.com.au/,"establishment,lodging,point_of_interest,real_estate_agency,travel_agency",Albany,hotels,4.8,9,ChIJETCF1dIhOSoRVa81VqaFWGU,-34.9423069,117.8778795
bp,"35 Albany Hwy, Albany WA 6330, Australia",(08) 9841 5411,https://map.bp.com/en-AU/AU/gas-station/albany/bp-albany-allway-motors/1862,"establishment,gas_station,point_of_interest",Albany,service stations,3.8,103,ChIJR0-LcCknOSoRVYKoXNJGI6A,-35.0205,117.882
Ampol Foodary Cannington,"1346 Albany Hwy, Cannington WA 6107, Australia",(08) 9458 7187,https://locations.ampol.com.au/en/ampol-foodary-cannington,"cafe,convenience_store,establishment,food,gas_station,point_of_interest,store",Albany,service stations,3.3,176,ChIJEThrHC68MioRs7uoUAcFf6U,-32.0175208,115.9349972
Ampol Foodary Albany North,"204 North Rd, Albany WA 6330, Australia",(08) 9841 3809,https://locations.ampol.com.au/en/ampol-foodary-albany-north,"cafe,convenience_store,establishment,food,gas_station,point_of_interest,store",Albany,service stations,4.1,88,ChIJl_9HSCYhOSoRxfgfI-aMCk0,-35.0055463,117.8744266
"United Petroleum East Victoria Park, WA","916 Albany Hwy, East Victoria Park WA 6101, Australia",(08) 6336 7757,https://servicestations.unitedpetroleum.com.au/location/united-east-victoria-park-wa?utm_content=United+Petroleum+East+Victoria+Park%2C+WA&utm_campaign=Google+My+Business&utm_medium=organic&utm_source=google&utm_term=plcid_3918369767055999818,"convenience_store,establishment,food,gas_station,point_of_interest,store",Albany,service stations,3.8,122,ChIJP06uVIe7MioRxHkSQhXUdqc,-31.987793,115.905462
United Petroleum Albany Central (Unmanned),"309 Albany Hwy, Albany WA 6330, Australia",1300 383 587,https://servicestations.unitedpetroleum.com.au/location/united-albany-central?utm_content=United+Petroleum+Albany+Central+%28Unmanned%29&utm_campaign=Google+My+Business&utm_medium=organic&utm_source=google&utm_term=plcid_1409986969727729809,"establishment,gas_station,point_of_interest",Albany,service stations,3.3,56,ChIJ3w3s0SQhOSoRiXRSJjggvYs,-35.0056713,117.8667778
Caltex Mt Melville,"317 Albany Hwy, Albany WA 6330, Australia",0482 187 849,http://www.caltex.com/au/find-a-station/mtmelville.html,"convenience_store,establishment,food,gas_station,point_of_interest,store",Albany,service stations,4.3,141,ChIJeYaPWTshOSoRB7n5if78Y-s,-35.0046179,117.8662276
Shell,"1128/1132 Albany Hwy, Bentley WA 6102, Australia",(08) 6287 9094,https://find.shell.com/au/fuel/10111174-shell-reddy-express-bentley/en_AU,"establishment,gas_station,point_of_interest",Albany,service stations,3.7,167,ChIJhzEddWy8MioRSmzkMXBiDPk,-32.0006369,115.918715
OMG Metro Albany,"269 York St, Albany WA 6330, Australia",0470 480 931,https://metropetroleum.com.au/,"establishment,gas_station,point_of_interest",Albany,service stations,4.4,10,ChIJt4GK8HcnOSoRmwfdPtFW7e0,-35.0218779,117.8830072
Petro Fuels Albany,"250 Albany Hwy, Centennial Park WA 6330, Australia",(08) 9841 1757,,"establishment,gas_station,point_of_interest",Albany,service stations,4.5,78,ChIJX0D7f3AhOSoR9xIkCPJ00e0,-35.0098953,117.8704508
Caltex Bentley,"Unit 1/1163 Albany Hwy, Bentley WA 6102, Australia",0482 184 949,https://www.caltex.com/au/en.html,"establishment,gas_station,point_of_interest",Albany,service stations,3.5,45,ChIJexaQUq29MioRgNLoFfaQUxE,-32.0041286,115.9202978
EG Ampol Brooks Garden,"5 Brooks Garden Blvd, Lange WA 6330, Australia",(08) 6830 1068,https://www.eg-australia.com/,"establishment,gas_station,point_of_interest",Albany,service stations,4,63,ChIJj-8cxgIhOSoR8gBHRMYGUHw,-34.9887061,117.8762208
Ampol Albany Diesel Stop,"90 Menang Dr, Willyung WA 6330, Australia",1800 240 398,https://locations.ampol.com.au/en/ampol-albany-diesel-stop,"establishment,gas_station,point_of_interest",Albany,service stations,3.8,10,ChIJ_ZZ9HU8gOSoRWktF8cpz55g,-34.9601208,117.8867291
United Petroleum Whalley's Beachway Cafe (Mira Mar - Abany),"225 Middleton Rd, Mira Mar WA 6330, Australia",(08) 9842 8890,https://servicestations.unitedpetroleum.com.au/location/united-whalleys-beachway-cafe-mira-mar-abany?utm_content=United+Petroleum+Whalley%27s+Beachway+Cafe+%28Mira+Mar+-+Abany%29&utm_campaign=Google+My+Business&utm_medium=organic&utm_source=google&utm_term=plcid_15569906642487909640,"cafe,establishment,food,gas_station,point_of_interest,store",Albany,service stations,4.4,93,ChIJc-K_FTInOSoRbfDDSBX3Eks,-35.0169103,117.8912276
Shell,"225 Albany Hwy, Albany WA 6330, Australia",(08) 9841 3586,,"establishment,gas_station,point_of_interest",Albany,service stations,1,1,ChIJzSakqC4hOSoRve69XsjZ8-4,-35.0124175,117.8714589
bp Truckstop,"Lot 72/Lot 72 Lot 72/Lot 72 Copal Rd, Willyung WA 6330, Australia",(08) 9844 3243,https://map.bp.com/en-AU/AU/gas-station/albany/bp-opt-albany/5425,"establishment,gas_station,point_of_interest",Albany,service stations,4.5,2,ChIJu0meZkggOSoR35zWSi0ulbY,-34.9545,117.8897
bp,"27 Angove Rd, Spencer Park WA 6330, Australia",(08) 9841 3813,https://map.bp.com/en-AU/AU/gas-station/albany/bp-spencer-park-albany/6690,"establishment,gas_station,point_of_interest",Albany,service stations,4.2,41,ChIJQxeswcogOSoRnTY2vvCuUW4,-35.0091,117.8994
Shell Reddy Express Albany Orana,"342/346 Albany Hwy, Orana WA 6330, Australia",(08) 6834 8852,https://www.reddyexpress.com.au/stores?utm_source=extnet&utm_medium=yext&utm_campaign=2720,"convenience_store,establishment,food,gas_station,point_of_interest,store",Albany,service stations,4.3,31,ChIJNQgR1UAhOSoRC45-ESrTmSw,-35.0026212,117.8654381
Fueltech Highway,"225 Albany Hwy, Mount Melville WA 6330, Australia",(08) 9841 3586,,"cafe,car_wash,convenience_store,establishment,food,point_of_interest,store",Albany,service stations,3.5,16,ChIJiYGvpS4hOSoRYICGKr4ttEk,-35.0124745,117.8714022
Shell,"629 Lower King Rd, Lower King WA 6330, Australia",(08) 9844 7147,https://find.shell.com/au/fuel/10111566-shell-lower-king/en_AU,"establishment,gas_station,point_of_interest",Albany,service stations,4.5,44,ChIJ74K35pnfOCoR7iLE4cVriso,-34.949368,117.943731
Ampol Albany Depot,"90/634 Menang Dr, Willyung WA 6330, Australia",(08) 6314 4301,https://locations.ampol.com.au/en/albany-depot,"establishment,point_of_interest",Albany,service stations,,,ChIJVVUf8JkhOSoRLNbpX_KO5So,-34.9601201,117.8867444
Vibe Welshpool,"124 Welshpool Rd, Welshpool WA 6106, Australia",(08) 9358 0260,http://www.vibepetroleum.com/,"convenience_store,establishment,food,gas_station,meal_takeaway,point_of_interest,restaurant,store",Albany,service stations,3.2,84,ChIJWyOHvxG8MioRZPtAFwpzSh4,-31.99432209999999,115.9306677
Albany Plaza,"42 Albany Hwy, Albany WA 6330, Australia",(08) 9505 9008,http://www.albanyplaza.com.au/,"establishment,point_of_interest,shopping_mall,store",Albany,"service stations,supermarkets and convenience stores",4,1326,ChIJ6eQhXiknOSoRAJ85IxN8DAQ,-35.0196249,117.8826811
Vibe Ascot,"268-282 Great Eastern Hwy, Ascot WA 6104, Australia",(08) 9277 6806,http://vibepetroleum.com/,"convenience_store,establishment,food,gas_station,point_of_interest,store",Albany,service stations,3.8,198,ChIJta3_ZjK6MioRehRryRx4h-g,-31.9358266,115.9344463
Shell,"258 Middleton Rd, Albany WA 6330, Australia",(08) 9842 8890,,"establishment,gas_station,point_of_interest",Albany,service stations,,,ChIJmdXBFTInOSoRE_kL8n0zMG8,-35.0169341,117.8911198
Burrata Wood Fired Cafe,"1/90 Frederick St, Albany WA 6330, Australia",(08) 6830 1907,https://www.facebook.com/profile.php?id=61550472069770,"cafe,establishment,food,point_of_interest",Albany,takeaway food,4.7,242,ChIJPQMKnKknOSoRsAKc1DsrM9c,-35.0258625,117.8854022
La Pâtisserie Cottage,"55 Peels Pl, Albany WA 6330, Australia",0487 767 175,http://lapatisseriecottage.com.au/,"cafe,establishment,food,point_of_interest",Albany,takeaway food,4.9,15,ChIJDcpr_EQnOSoRNcUmOpRt0N0,-35.0262005,117.8824952
Bred co Sourdough Bakery,"1/15 Albany Hwy, Albany WA 6330, Australia",(08) 9842 6379,http://bredco.com.au/,"bakery,establishment,food,point_of_interest,store",Albany,takeaway food,4.2,505,ChIJneSfkQIhOSoRvdYXRrnc-SM,-35.0210057,117.8827665
The Little Larder Co,"3/326 Middleton Loop, Albany WA 6330, Australia",,https://www.facebook.com/share/17koLW8nPM/?mibextid=wwXIfr,"bakery,establishment,food,point_of_interest,store",Albany,takeaway food,4.8,11,ChIJGW6zSwAnOSoR-UAtkE4Zm9s,-35.019856,117.8846595
Istanbul Kebabs & Turkish Bakery (Halal Food),"189 York St, Albany WA 6330, Australia",(08) 9847 4961,http://www.istanbulkebabs.com.au/,"establishment,food,point_of_interest,restaurant",Albany,takeaway food,3.9,783,ChIJxZE7rignOSoR6o-zG0S3tA0,-35.024369,117.883403
Dispensary Café,"16 Pioneer Rd, Centennial Park WA 6330, Australia",(08) 9892 0488,http://dispensarycafe.net.au/,"cafe,establishment,food,point_of_interest",Albany,takeaway food,4.9,21,ChIJibttVQYhOSoR65IFdOHuPS0,-35.008785,117.8725073
Red Rooster Albany,"3/87 Lockyer Ave, Albany WA 6330, Australia",(08) 9841 2033,https://www.redrooster.com.au/locations/albany/?utm_source=google&utm_medium=organic&utm_campaign=Google%20My%20Business&utm_term=plcid_10208585194887809873,"establishment,food,point_of_interest,restaurant",Albany,takeaway food,3.4,335,ChIJe7OcNDkhOSoRJA1-1jR6FTQ,-35.0173632,117.8836995
Zambrero Albany,"342 Albany Hwy, Orana WA 6330, Australia",0468 486 246,https://www.zambrero.com.au/,"establishment,food,point_of_interest,restaurant",Albany,takeaway food,4.1,268,ChIJqaWxt-IhOSoRFfJ_SGX9Yt0,-35.0026024,117.865616
Espresso One,"9 Albany Hwy, Albany WA 6330, Australia",(08) 9842 5754,,"cafe,establishment,food,point_of_interest",Albany,takeaway food,4.7,181,ChIJ25G4LPgnOSoRcrNjGsqaZFo,-35.0210711,117.8828716
Hungry Jack's Burgers Albany,"13 Lockyer Ave, Albany WA 6330, Australia",(08) 6834 8801,https://www.hungryjacks.com.au/find-us/albany,"establishment,food,meal_takeaway,point_of_interest,restaurant",Albany,takeaway food,3.2,853,ChIJ9ZevViknOSoR0Xw2hsY0CBs,-35.020101,117.8833035
Chicken Treat Albany,"183 Albany Hwy, Mount Melville WA 6330, Australia",(08) 9842 1133,https://www.chickentreat.com.au/locations/albany?utm_source=google&utm_medium=organic&utm_campaign=Google%20My%20Business&utm_term=plcid_3123828102615591455,"establishment,food,meal_takeaway,point_of_interest,restaurant",Albany,takeaway food,3.9,378,ChIJKYAjHSshOSoRYuws_SdhE3s,-35.0151736,117.8747572
KFC Albany,"19 Lockyer Ave, Albany WA 6330, Australia",(08) 9841 7350,https://www.kfc.com.au/restaurants/kfc-albany/6330?utm_source=google&utm_medium=organic&utm_campaign=GMB&utm_content=61K9901,"establishment,food,meal_takeaway,point_of_interest,restaurant",Albany,takeaway food,3.4,781,ChIJHYv6uCwnOSoR69_04EkjfQ0,-35.0198411,117.8834555
Turkish Kitchen,"926 Albany Hwy, East Victoria Park WA 6101, Australia",(08) 9470 2235,https://aumaps.me/turkish-kitchen-304076-au,"cafe,establishment,food,meal_takeaway,point_of_interest,restaurant",Albany,takeaway food,4.6,896,ChIJhWqRqoC7MioRZ2ur4Gbl9fw,-31.98821209999999,115.9056004
Triple A's Tea Albany,"shop 16/302-324 Middleton Rd, Albany WA 6330, Australia",0434 493 311,http://facebook.com/tripleatea.albany,"cafe,establishment,food,point_of_interest",Albany,takeaway food,4.4,32,ChIJf8D-kpcnOSoRFPAm7k4pA8I,-35.0190756,117.8845404
Taxi Stand Coffee Bar,"150 Stirling Terrace, Albany WA 6330, Australia",,,"establishment,food,point_of_interest,store",Albany,takeaway food,4.7,118,ChIJo91WB3QnOSoRM6FBgoFjTL0,-35.0267855,117.8839569
Lockyer Avenue Lunchbar,"109b Lockyer Ave, Centennial Park WA 6330, Australia",0458 680 071,,"cafe,establishment,food,point_of_interest",Albany,takeaway food,4.6,23,ChIJCdSh8GsnOSoRlc0j8ZlfcQ4,-35.0158603,117.8842436
Domino's Pizza Albany (WA),"319-331 Albany Hwy, Albany WA 6330, Australia",(08) 6820 2720,https://www.dominos.com.au/?utm_source=google&utm_medium=local&utm_campaign=yext,"establishment,food,meal_delivery,meal_takeaway,point_of_interest,restaurant",Albany,takeaway food,3.8,464,ChIJhcKJqDwhOSoRH9Cp3I7VBkg,-35.0044815,117.8656942
Jo-Joe's Dial-A-Pizza & Kebab,"362 Middleton Rd, Albany WA 6330, Australia",(08) 9842 6000,,"establishment,food,meal_delivery,point_of_interest,restaurant",Albany,takeaway food,4.6,562,ChIJRXymUiknOSoREazPvhebhvc,-35.0205156,117.883978
Noodler's Noodle Bar,"191 York St, Albany WA 6330, Australia",(08) 9842 1815,http://www.dancinwok.com.au/,"establishment,food,meal_takeaway,point_of_interest,restaurant",Albany,takeaway food,3.6,259,ChIJ6f_XsSgnOSoRYUxUdcZ1hSo,-35.024283,117.883386
Free Range Chef,"42d Sanford Rd, Centennial Park WA 6330, Australia",,https://www.facebook.com/freerangechefalbany/about/,"bakery,establishment,food,point_of_interest,store",Albany,takeaway food,5,6,ChIJNac1JQAhOSoRdpjgnsNwzlg,-35.0136389,117.8820321
McDonald's Albany,"90-106 Albany Hwy, Albany WA 6330, Australia",(08) 9842 8834,https://mcdonalds.com.au/?utm_medium=local&utm_source=google%20my%20business&utm_campaign=local%20search&utm_content=wa&utm_term=mcdonalds%20albany,"cafe,establishment,food,meal_takeaway,point_of_interest,restaurant,store",Albany,takeaway food,3.5,1375,ChIJB885TSonOSoRgt4S8Giz_-4,-35.0187306,117.8808201
Last Jar Wholefoods,"1 Albany Hwy, Albany WA 6330, Australia",(08) 6835 2001,,"establishment,food,grocery_or_supermarket,health,point_of_interest,store",Albany,takeaway food,5,25,ChIJAcU0_gInOSoRNtw4-ts-LEo,-35.0212238,117.8830086
Nooodling,"1382 Albany Hwy, Cannington WA 6107, Australia",0406 877 333,,"establishment,food,point_of_interest,restaurant",Albany,takeaway food,4.6,522,ChIJ29go8yy8MioRI5rJzt062A0,-32.0207354,115.9393775
Jing's Chinese Wok,"57/59 Lockyer Ave, Centennial Park WA 6330, Australia",(08) 9841 4534,https://aumaps.me/batters-fish-and-chips-181057-au,"establishment,food,meal_takeaway,point_of_interest,restaurant",Albany,takeaway food,4.3,232,ChIJ4WyN9SsnOSoR_McWVerLCzs,-35.0190038,117.8835599
Royale Patisserie,"97 Cockburn Rd, Centennial Park WA 6330, Australia",(08) 9842 8860,https://royalepatisserie.com.au/,"bakery,establishment,food,point_of_interest,store",Albany,takeaway food,4.2,264,ChIJN0xK2SwnOSoRAizF6hMai4A,-35.0151274,117.8865529
WA Chinese Café & Restaurant,"27 Peels Pl, Albany WA 6330, Australia",(08) 9842 8881,https://facebook.com/pages/WA-Chinese-Cafe/177513202294557,"establishment,food,meal_takeaway,point_of_interest,restaurant",Albany,takeaway food,3.9,391,ChIJjT354CUnOSoR_gbh1nSoKtY,-35.0259668,117.8840521
Royals Football & Sporting Club,"156 Lockyer Ave, Centennial Park WA 6330, Australia",0473 672 617,,"establishment,point_of_interest",Albany,sporting clubs,5,1,ChIJP228N3YhOSoR3CQGQTqP7yQ,-35.0120635,117.8876617
North Albany Football Club,"Collingwood Park, 88 Troode St, Collingwood Park WA 6330, Australia",0428 629 027,http://www.nafsc.com.au/,"bar,establishment,point_of_interest",Albany,sporting clubs,4.4,38,ChIJG1yWH6wgOSoR580hoiwkMi0,-35.0014009,117.9178734
Emu Point Sport & Community Centre,"2 Birss St, Emu Point WA 6330, Australia",(08) 9844 1156,https://www.emupointsportingclub.net/,"bar,establishment,food,point_of_interest,restaurant",Albany,sporting clubs,4.3,33,ChIJjU--4UzfOCoRketIdlFN5P0,-34.9984207,117.9404144
Albany Athletics Club,"143 North Rd, Centennial Park WA 6330, Australia",,http://albanyathletics.com.au/,"establishment,point_of_interest",Albany,sporting clubs,4.7,3,ChIJ4yePA8ghOSoRlFZAiHOjJ40,-35.0093054,117.8813695
Albany Pickleball Club,"133 Brunswick Rd, Albany WA 6330, Australia",,,"establishment,point_of_interest",Albany,sporting clubs,5,1,ChIJiTuaJwAnOSoRAgpUi22ny3w,-35.0306767,117.8924934
Albany Sea Dragons Rugby League & Sporting Club,"Mira Mar WA 6330, Australia",0466 607 870,https://www.facebook.com/albanyseadragons/,"establishment,point_of_interest",Albany,sporting clubs,3.8,10,ChIJXzqFFgohOSoR78wt2ypeW5g,-35.0130819,117.8924262
Albany Sharks Football Club,"Centennial Stadium, 156 Lockyer Ave, Albany WA 6330, Australia",,https://albanysharksfc.com.au/,"establishment,point_of_interest",Albany,sporting clubs,4,5,ChIJE3nrviwnOSoRXjGGoE_IZAo,-35.0122985,117.8878631
Albany Tennis Club,"49 North Rd, Centennial Park WA 6330, Australia",,https://play.tennis.com.au/albanytennisclub,"establishment,point_of_interest",Albany,sporting clubs,4,1,ChIJY2oFWQAhOSoRXXgzC2sSQ38,-35.0125665,117.8911706
Railways Football Club,"Centennial Park WA 6330, Australia",(08) 9841 4522,https://www.railwaysfootballclubalbany.com.au/,"establishment,point_of_interest",Albany,sporting clubs,4.1,14,ChIJ9cnCzN0hOSoR9QS6GvbIpws,-35.0124657,117.8843155
Albany Indoor Sports Centre,"81 Cockburn Rd, Centennial Park WA 6330, Australia",(08) 9841 0222,https://www.albanyindoorsports.org.au/,"establishment,point_of_interest",Albany,sporting clubs,5,2,ChIJxS4wVQMnOSoRNEztL6trGuQ,-35.0145937,117.8886008
Albany Leisure and Aquatic Centre,"52/70 Barker Rd, Centennial Park WA 6330, Australia",(08) 6820 3400,http://www.albanyleisurecentre.com.au/,"establishment,gym,health,point_of_interest",Albany,sporting clubs,4.2,326,ChIJ7f-OBNYgOSoR7qqDElLD2TQ,-35.0105072,117.8787356
Bolt Athletic,"1/484 Albany Hwy, Victoria Park WA 6100, Australia",0427 039 443,http://skillathleticperth.com.au/,"establishment,point_of_interest",Albany,sporting clubs,4.9,85,ChIJoyjszXe7MioRPQD2DrXSDxM,-31.9764377,115.8986926
Albany Golf Course,"2 Barry Ct, Collingwood Park WA 6330, Australia",(08) 9844 8433,http://www.albanygolfclub.com.au/,"establishment,point_of_interest",Albany,sporting clubs,4.6,118,ChIJlR35KVcnOSoRgDyJBzn2AA8,-35.0069389,117.9254913
Albany Cricket & Soccer Pavilion,"North Rd, Yakamia WA 6330, Australia",,,"establishment,point_of_interest",Albany,sporting clubs,4,2,ChIJzTQDjQQhOSoR1x9DRHkvMsA,-35.0078252,117.8783597
Cannington Snooker Lounge,"1326 Albany Hwy, Cannington WA 6107, Australia",(08) 9128 8888,https://canningtonsnooker.com.au/,"establishment,point_of_interest",Albany,sporting clubs,5,1,ChIJAQ-G6yO9MioRavnDiK27r5c,-32.0164245,115.9330287
Albany Club,"The Albany Club, 23 Aberdeen St, Albany WA 6330, Australia",(08) 9841 1004,,"establishment,point_of_interest",Albany,sporting clubs,4.7,20,ChIJD_UP8iUnOSoRNDYElnmJ-rQ,-35.0250282,117.8848724
Albany PCYC,"77 Sanford Rd, Albany WA 6330, Australia",(08) 9842 1716,http://www.wapcyc.com.au/,"establishment,gym,health,point_of_interest",Albany,sporting clubs,4.3,7,ChIJdaguFNQgOSoRGGQSZ4AM_Y8,-35.0104944,117.8821157
Summit Gymnastics Academy,"88 Cockburn Rd, Centennial Park WA 6330, Australia",,https://www.facebook.com/profile.php?id=61578130915830,"establishment,point_of_interest",Albany,sporting clubs,5,1,ChIJkZO7BAAnOSoR8iQGWrYf6CE,-35.01444,117.8879261
Extreme Cheer Allstars,"1967 Albany Hwy, Maddington WA 6107, Australia",0417 470 604,http://www.extremecheerallstars.com/,"establishment,point_of_interest",Albany,sporting clubs,4.3,35,ChIJewB3DH6-MioRe1xyGYXwUJA,-32.0551783,115.9883022
Albany Swim Club,"52-70 Barker Rd, Centennial Park WA 6330, Australia",,,"establishment,point_of_interest",Albany,sporting clubs,3,2,ChIJFYfyGdYgOSoRnoAOPpOOpx4,-35.0098963,117.8786795
Lower Great Southern Hockey Association,"Barker Rd, Albany WA 6330, Australia",0429 130 953,http://www.lgshockey.asn.au/,"establishment,point_of_interest",Albany,sporting clubs,4.3,15,ChIJ4wAj0ikhOSoRQD88zlqsqlo,-35.0090748,117.8776194
Albany Mountain Bike Club,"Sanford Rd, Centennial Park WA 6330, Australia",,https://albanymtb.com.au/,"establishment,point_of_interest",Albany,sporting clubs,,,ChIJrV1thQwhOSoRAS_SniFQtcU,-35.0115577,117.8821094
Albany Agricultural Society Inc,"88 Cockburn Rd, Centennial Park WA 6330, Australia",(08) 9841 4003,http://albanyshow.org.au/,"establishment,point_of_interest",Albany,sporting clubs,4.6,25,ChIJPRerltIgOSoRSeRh3ueY0RM,-35.0144992,117.88783
Merrifield Park Tennis Club,"Little Oxford St, Albany WA 6330, Australia",0427 832 244,,"establishment,point_of_interest",Albany,sporting clubs,3,2,ChIJ-Xxye0IhOSoRyID2VeIemXE,-35.0033257,117.8466703
Great Southern Academy of Sport,"22 Collie St, Albany WA 6330, Australia",0498 759 937,https://www.gsaswa.org.au/,"establishment,health,point_of_interest",Albany,sporting clubs,,,ChIJNa-IkHEnOSoRfxR8xBdu3jg,-35.0263154,117.8823249
Middleton Beach Bowling Club,"25 Garden St, Middleton Beach WA 6330, Australia",(08) 9841 2503,http://midbeachbc.clubs.bowlslink.com.au/,"establishment,point_of_interest",Albany,sporting clubs,4.5,19,ChIJYzDsYkMnOSoRleU9q1ps4TM,-35.0232315,117.9107589
Retravision Stadium & Function Centre,"156 Lockyer Ave, Centennial Park WA 6330, Australia",0436 307 247,http://www.retravisionstadium.com.au/,"establishment,point_of_interest",Albany,sporting clubs,4.5,102,ChIJFXZC3NIgOSoRX_SnY-6_ASs,-35.0118865,117.8877029
Starkick All Abilities Football,"Symers St, Albany WA 6330, Australia",,,"establishment,point_of_interest",Albany,sporting clubs,,,ChIJpYqsfpUnOSoRk_CYZ7DGdBQ,-35.0149927,117.8896747
Albany Classic,"Town Square, 227 York St, Albany WA 6330, Australia",,http://www.albanyclassic.com/,"establishment,point_of_interest",Albany,sporting clubs,4.6,31,ChIJWdOo1ygnOSoR4BlWnnbm8BI,-35.0234065,117.8826906
Albany Volleyball Association,"Albany WA 6331, Australia",,http://www.albanyvolleyball.com.au/,"establishment,point_of_interest",Albany,sporting clubs,,,ChIJqacOAtYgOSoRbjtHzmf0JIc,-35.0104036,117.878744
ALBANY ROLLER DERBY LEAGUE,"57 Barker Rd, Albany WA 6330, Australia",,http://albanyrollerderby.com.au/,"establishment,point_of_interest",Albany,sporting clubs,1,1,ChIJoec_jk8hOSoRB0-QsKj1tZg,-35.0108174,117.8778055
Maylands Sport and Recreation Club,"50 Clarkson Rd, Maylands WA 6051, Australia",0437 260 105,https://www.maylandssportandrec.com.au/,"establishment,point_of_interest",Albany,sporting clubs,4.4,62,ChIJeYokQbK7MioRKtvDq5lyUpc,-31.9483078,115.9126827
Swan Italian Sporting Club,"9 Francis St, Middle Swan WA 6056, Australia",(08) 9274 1509,http://www.swanitaliansportingclub.com.au/contact-us/,"establishment,point_of_interest",Albany,sporting clubs,4.4,109,ChIJszVqV4u3MioRvVwgu_nghM4,-31.8755382,116.0157662
Mutenup / Foundation Park,"35 Parade St, Albany WA 6330, Australia",,,"establishment,park,point_of_interest,tourist_attraction",Albany,sporting clubs,4.4,116,ChIJm5554icnOSoR_MY8LVM3Dj4,-35.0260712,117.8789784
European Football Academy,"North Rd, Centennial Park WA 6330, Australia",0422 190 459,https://www.efa-albany.com.au/,"establishment,point_of_interest",Albany,sporting clubs,,,ChIJrYE70zwnOSoRxfAguv6Oy54,-35.0154099,117.8849593
Starkick All Abilities - Albany SDJFA,"156/144 Lockyer Ave, Albany WA 6330, Australia",,https://www.playhq.com/afl/org/albany-auskick-centre/6e354d0a/register,"establishment,point_of_interest",Albany,sporting clubs,,,ChIJK9e3G94hOSoRjTkWRFuwQmQ,-35.01231569999999,117.8877865
Tennis courts,"113 Brunswick Rd, Albany WA 6330, Australia",,,"establishment,point_of_interest",Albany,sporting clubs,4.8,12,ChIJ_ZIBAz0nOSoRWr9jd0fgEiw,-35.0295372,117.8919525
Albany Skate and BMX Park,"77 Sanford Rd, Centennial Park WA 6330, Australia",,,"establishment,point_of_interest",Albany,sporting clubs,4.5,47,ChIJT64KO9QgOSoRdajCpXdiIdQ,-35.0120097,117.8816576
Sbg Western Australia,"33 Albany Hwy, Albany WA 6330, Australia",0427 414 564,http://www.sbgwesternaustralia.com/,"establishment,health,point_of_interest",Albany,sporting clubs,5,24,ChIJlQv9ek4nOSoR-Iuaf_PcHcY,-35.020651,117.8822413
OnCourt Tennis,"Western Pavilion, 88 Cockburn Rd, Centennial Park WA 6330, Australia",0484 232 810,https://www.oncourttennis.com.au/,"establishment,point_of_interest",Albany,sporting clubs,,,ChIJl63iVWgnOSoR9SeGuPijLE8,-35.01444,117.8879386
Gosnells Bowling Club,"2271 Albany Hwy, Gosnells WA 6110, Australia",(08) 9398 2491,http://www.gosnells.bowls.com.au/,"establishment,point_of_interest",Albany,sporting clubs,4.6,100,ChIJQ2IG0wyVMioRWvPcujBT7pg,-32.07276,116.00245
Ocean Reef Sea Sports Club,"3 Boat Hbr Quays, Ocean Reef WA 6027, Australia",(08) 9401 8800,http://www.orssc.asn.au/,"establishment,point_of_interest",Albany,sporting clubs,4.5,242,ChIJ59VbdsZUzSsRBiiVb_IO7Wk,-31.7605163,115.7265653
AMAFHHA Sports,"1131C Albany Hwy, Bentley WA 6102, Australia",0452 214 213,http://amafhha.au/,"establishment,point_of_interest,store",Albany,sporting clubs,4.9,220,ChIJqwNvN0u9MioR2ibHoeoI8LA,-32.0015346,115.9184148
South Coast Sports Medicine,"47 Cockburn Rd, Albany WA 6330, Australia",(08) 9841 7363,https://scsportsmed.com.au/,"establishment,health,physiotherapist,point_of_interest",Albany,sporting clubs,4.9,64,ChIJG_YjFyohOSoR0u3w2vPQw7c,-35.0156033,117.8922396
Athletics West,"Aisle 8, Level 1, Shirley Strickland Grandstand Herb Elliot Drive via, Stephenson Ave, Mount Claremont WA 6010, Australia",(08) 6272 0480,http://www.athleticswest.com.au/,"establishment,point_of_interest",Albany,sporting clubs,3.8,17,ChIJsT7yAaClMioR2GjDk9gmoC8,-31.9503105,115.7827026
Great Southern Netball Region,"22 Collie St, Albany WA 6330, Australia",(08) 9892 0161,,"establishment,point_of_interest",Albany,sporting clubs,,,ChIJOc4IPyYnOSoRP4jFJ4tzVq8,-35.0263046,117.882285
Just Move Albany,"132 Albany Hwy, Albany WA 6330, Australia",0438 212 822,,"establishment,gym,health,point_of_interest",Albany,sporting clubs,4.7,15,ChIJq6rOri4nOSoRpkLjy3bAX44,-35.0180936,117.8797901
The West Australian Marathon Club,"1 Camfield Dr, Burswood WA 6100, Australia",(08) 9472 4833,https://www.wamc.org.au/,"establishment,point_of_interest",Albany,sporting clubs,4.5,32,ChIJYb874g67MioRlRbyZfGM9HA,-31.9591185,115.8909243
Albany Martial Arts WA,"Albany Senior Citizens Hall, 122 Grey Street, Albany WA 6330, Australia",(08) 9275 7878,https://www.firsttkd.net/,"establishment,gym,health,point_of_interest",Albany,sporting clubs,5,4,ChIJZb86xygnOSoRZplA6WXl1DQ,-35.02371,117.88284
IGA Albany,"100 York St, Albany WA 6330, Australia",(08) 9842 1020,https://www.iga.com.au/?utm_source=google&utm_medium=organic&utm_campaign=Google+My+Business&utm_content=IGA+Albany&utm_term=plcid_4302144662101001561,"convenience_store,establishment,food,grocery_or_supermarket,point_of_interest,store,supermarket",Albany,supermarkets and convenience stores,4.2,756,ChIJr2nrfCYnOSoRdORdI24EVUw,-35.0273919,117.8841007
North Road IGA,"216-218 North Rd, Albany WA 6330, Australia",(08) 9841 2444,https://www.iga.com.au/?utm_source=google&utm_medium=organic&utm_campaign=Google+My+Business&utm_content=North+Road+IGA+-+Albany&utm_term=plcid_7885784246388458506,"establishment,food,grocery_or_supermarket,point_of_interest,shopping_mall,store,supermarket",Albany,supermarkets and convenience stores,4.2,509,ChIJqeduXSYhOSoRhAJsKyQDpVs,-35.005035,117.873692
Coles Albany,"Albany Plaza Shopping Centre, 38/56 Albany Hwy, Albany WA 6330, Australia",(08) 9841 2544,http://www.coles.com.au/find-stores/coles/wa/albany-364,"establishment,food,grocery_or_supermarket,point_of_interest,store,supermarket",Albany,supermarkets and convenience stores,4.1,527,ChIJh1tO5isnOSoRgIB_wEGEQno,-35.0198767,117.8824714
Chester Pass Mall,"Corner Chester Pass and Catalina Roads, Albany WA 6330, Australia",(08) 6375 6000,https://retail.centuria.com.au/retail-centre/chester-pass-mall/,"establishment,point_of_interest,shopping_mall",Albany,supermarkets and convenience stores,4.1,736,ChIJEeqtLRwhOSoRbMB8d1GK6l8,-34.9903244,117.8769002
Woolworths Albany Dog Rock,"302 Middleton Rd, Albany WA 6330, Australia",(08) 6819 6602,https://www.woolworths.com.au/shop/storelocator/wa-albany-4374?utm_source=google&utm_medium=organic&utm_campaign=googleplaces&utm_content=woolworths_supermarkets_4374,"establishment,food,grocery_or_supermarket,point_of_interest,store,supermarket",Albany,supermarkets and convenience stores,4.1,511,ChIJwfGeFCwnOSoRmsdOkgzXiYc,-35.019129,117.8844551
ALDI,"70-80 Albany Hwy, Albany WA 6330, Australia",13 25 34,https://www.aldi.com.au/storelocator/l/albany/70-80-albany-highway/g586,"establishment,food,grocery_or_supermarket,point_of_interest,store,supermarket",Albany,supermarkets and convenience stores,4.2,207,ChIJD6z1DgInOSoRtNRzxQ6cbbk,-35.01812,117.8816
IGA Spencer Park,"1 Hardie Rd, Spencer Park WA 6330, Australia",(08) 9841 1155,https://www.iga.com.au/?utm_source=google&utm_medium=organic&utm_campaign=Google+My+Business&utm_content=IGA+Spencer+Park+-+Albany&utm_term=plcid_5132071903925727078,"establishment,food,grocery_or_supermarket,point_of_interest,store",Albany,supermarkets and convenience stores,3.9,378,ChIJcySXussgOSoRFdr88dkApcA,-35.0073784,117.8986568
Bentley Plaza,"1140 Albany Hwy, Bentley WA 6102, Australia",(08) 9458 4336,http://www.bentleyplaza.com.au/,"establishment,point_of_interest,shopping_mall",Albany,supermarkets and convenience stores,4,3462,ChIJk9q1Jmu8MioRq9CJ3sPAhaI,-32.0015145,115.9208274
IGA,"860 Albany Hwy, East Victoria Park WA 6100, Australia",(08) 9470 2344,http://iga.com.au/,"establishment,food,grocery_or_supermarket,point_of_interest,store,supermarket",Albany,supermarkets and convenience stores,4,541,ChIJsRkSGoG7MioRuVWnl8XmN1k,-31.9848821,115.9036516
Victoria Park Central,"366 Albany Hwy, Victoria Park WA 6100, Australia",(08) 9275 0430,http://www.vicparkcentral.com.au/,"establishment,food,grocery_or_supermarket,health,parking,pharmacy,point_of_interest,shopping_mall,store",Albany,supermarkets and convenience stores,4,1307,ChIJl2r033W7MioRcBVSKz3wzaw,-31.9739219,115.8972651
Manning Super Market,"3/5 Mallard Way, Cannington WA 6107, Australia",(08) 9451 7640,http://manningsupermarket.com/,"establishment,food,grocery_or_supermarket,point_of_interest,store,supermarket",Albany,supermarkets and convenience stores,4.3,427,ChIJCXsYTEO8MioRLmqCqrY4w1E,-32.0134168,115.9282641
T & M Fresh,"1382 Albany Hwy, Cannington WA 6107, Australia",0430 459 446,,"establishment,food,grocery_or_supermarket,point_of_interest,store,supermarket",Albany,supermarkets and convenience stores,2.7,35,ChIJrSZuyi28MioRIOng7fJd8kY,-32.0178519,115.9373034
Joy Mall Supermarket Park Center,"Shop 1/789 Albany Hwy, East Victoria Park WA 6101, Australia",0404 669 988,,"establishment,food,grocery_or_supermarket,point_of_interest,store,supermarket",Albany,supermarkets and convenience stores,3.3,52,ChIJj9tx2EG7MioRQ46VG1s7BaI,-31.9850128,115.9015599
Yin Seng Oriental Merchant,"13/1140 Albany Hwy, Bentley WA 6102, Australia",,,"establishment,food,grocery_or_supermarket,point_of_interest,store,supermarket",Albany,supermarkets and convenience stores,4.5,57,ChIJk_oZdmu8MioRxdSE3LVtLuo,-32.0016189,115.9205665
Kongs Oriental Supermarket,"784 Albany Hwy, East Victoria Park WA 6101, Australia",(08) 9362 2817,,"establishment,food,grocery_or_supermarket,point_of_interest,store,supermarket",Albany,supermarkets and convenience stores,4.5,708,ChIJzV5yLIK7MioR3HmtmyLi9Rk,-31.9830275,115.9023741
North Road Shopping Centre,"216-218 North Rd, Yakamia WA 6330, Australia",(08) 9842 2121,,"establishment,point_of_interest,shopping_mall",Albany,supermarkets and convenience stores,4.1,643,ChIJNeZVTyYhOSoRsHmLBzn2AA8,-35.0051201,117.8740904
Coles Albany (Orana),"Albany Hwy, Orana WA 6330, Australia",(08) 6819 7100,http://www.coles.com.au/find-stores/coles/wa/orana-478,"establishment,food,grocery_or_supermarket,point_of_interest,store,supermarket",Albany,supermarkets and convenience stores,4.3,695,ChIJw2WbGhQhOSoRpmWKlDwVQuY,-34.993706,117.8555473
SANDY HOOK TAVERN,"9 Andrew St, Esperance WA 6450, Australia",(08) 9076 1238,http://www.sandyhooktavern.com.au/,"establishment,food,point_of_interest,restaurant",Esperance,"restaurants,pubs and bars,cafes,takeaway food",4,127,ChIJxyhhagBHWyoRIF4ovAGkfn4,-33.86147,121.89291
The Quarters,"1 Taylor St, Esperance WA 6450, Australia",0457 232 039,https://thequartersesperance.com.au/,"bar,cafe,establishment,food,point_of_interest,restaurant,store",Esperance,"restaurants,pubs and bars,cafes,takeaway food",4.1,943,ChIJZRmRpFFHWyoRCG6FXU6sM4s,-33.8662729,121.8942205
33 Degrees Esperance,"51 The Esplanade, Esperance WA 6450, Australia",0436 302 195,http://www.33degreesesp.com.au/,"bar,establishment,point_of_interest",Esperance,"restaurants,pubs and bars,sporting clubs",4.2,648,ChIJx3mvBlBHWyoRpTNzepmQDZo,-33.8625192,121.8928452
Eljays Restaurant,"32 The Esplanade, Esperance WA 6450, Australia",(08) 9071 9000,https://comfortinnbayofisles.com.au/eljays-restuarant/,"establishment,food,point_of_interest,restaurant",Esperance,"restaurants,cafes",4.2,143,ChIJ92JwD1ZHWyoR6TIElZUSjB4,-33.8588066,121.895668
The Pier Hotel,"47 The Esplanade, Esperance WA 6450, Australia",(08) 9071 1777,https://www.opentable.com.au/r/the-pier-hotel-reservations-esperance?restref=212669&lang=en-AU&ot_source=Restaurant%20website,"bar,establishment,food,liquor_store,night_club,point_of_interest,restaurant,store",Esperance,"restaurants,pubs and bars,cafes,sporting clubs",4.1,1268,ChIJJfAq91ZHWyoR8etfIfgQ4Hk,-33.8613891,121.893547
ROAST AND TOAST LUNCH BAR AND CAFE,"9a Andrew St, Esperance WA 6450, Australia",(08) 9076 1238,http://www.sandyhooktavern.com.au/,"cafe,establishment,food,point_of_interest",Esperance,"restaurants,cafes,takeaway food",4.3,45,ChIJ5_g4myRHWyoRDmdoLMp_UJg,-33.86147,121.89291
Out of the Blue Esperance,"81 Pink Lake Rd, Nulsen WA 6450, Australia",(08) 6002 8826,http://www.outoftheblueesperance.com.au/,"establishment,food,meal_takeaway,point_of_interest,restaurant",Esperance,"restaurants,cafes,takeaway food",4.4,204,ChIJZ7UyDHo5WyoRUnXcJ4tCF68,-33.8593584,121.8755801
Cloud Eleven Restaurant,"Shop 24/75/79 Dempster St, Esperance WA 6450, Australia",,http://www.cloudcoffee.com.au/,"establishment,food,point_of_interest,restaurant",Esperance,"restaurants,cafes,takeaway food",4.7,437,ChIJ1TAyndhHWyoRgE7UrEhi8xc,-33.8597224,121.8921131
Yirri Grove,"Myrup WA 6450, Australia",0407 257 255,http://www.yirrigrove.com/,"establishment,food,point_of_interest,restaurant",Esperance,"restaurants,cafes",4.6,124,ChIJ76Zs-QgWWyoREs9TaHHlqqU,-33.7429625,122.0058919
Pizza & Porter,"9B/81 Dempster St, Esperance WA 6450, Australia",0498 682 610,https://www.facebook.com/profile.php?id=61583425225187,"establishment,food,point_of_interest,restaurant",Esperance,"restaurants,cafes,takeaway food",4.8,90,ChIJjyzLBCJHWyoRpcd7rbtpRcg,-33.8603562,121.8919892
Nannygai on the Hill,"55 Goldfields Rd, Castletown WA 6450, Australia",(08) 9071 3261,,"establishment,food,meal_takeaway,point_of_interest,restaurant",Esperance,"restaurants,cafes,takeaway food",4.5,221,ChIJIV7AZB0_WyoRDh3rHWsUyvw,-33.838434,121.907686
Emperor's Garden Chinese Restaurant,"123 Dempster St, Esperance WA 6450, Australia",(08) 9071 2866,,"establishment,food,meal_takeaway,point_of_interest,restaurant",Esperance,"restaurants,cafes,takeaway food",4.3,524,ChIJq1HaEVpHWyoRFPPnjIzNTA0,-33.8655737,121.890024
Sir Juice,"Jetty Headland, 1B The Esplanade, Esperance WA 6450, Australia",0403 618 388,https://bopple.app/sir-juice,"establishment,food,meal_takeaway,point_of_interest,restaurant",Esperance,"restaurants,cafes,takeaway food",5,1049,ChIJiyHk21ZHWyoR4dfon50Og6Q,-33.8526423,121.9010075
Seasons,"44/46 The Esplanade, Esperance WA 6450, Australia",(08) 9071 1999,https://www.esperance.wa.hospitalityinns.com.au/restaurant,"establishment,food,point_of_interest,restaurant",Esperance,"restaurants,pubs and bars,cafes",3.8,56,ChIJwb8nVFZHWyoRNYCTqypW8Rg,-33.860907,121.8938395
Curry Around Town,"Jetty Headland, Esperance WA 6450, Australia",0430 990 020,,"establishment,food,meal_takeaway,point_of_interest,restaurant",Esperance,"restaurants,cafes,takeaway food",4.8,30,ChIJ1Uk2LkI5WyoRliSp4RurPJQ,-33.8528209,121.9010242
Seaside cafe & restaurant,"16 Phyllis St, Castletown WA 6450, Australia",(08) 9071 3574,https://seaside-cafe-and-restaurant.tuckerfox.com.au/,"cafe,establishment,food,meal_takeaway,point_of_interest,restaurant,store",Esperance,"restaurants,cafes,takeaway food",4.4,114,ChIJjSLnkW4_WyoRLrELU38K2y8,-33.8430323,121.9036849
Break Away Cafe,"105 Dempster St, Esperance WA 6450, Australia",(08) 9055 3006,,"bakery,cafe,establishment,food,point_of_interest,restaurant,store",Esperance,"restaurants,cafes,takeaway food",4.2,304,ChIJz5ZwQXtHWyoRguqHxR8NQiU,-33.8630694,121.8906415
Sheldon Lunch Box,"23 Shelden Rd, Chadwick WA 6450, Australia",0408 912 997,,"establishment,food,meal_takeaway,point_of_interest,restaurant",Esperance,"restaurants,cafes,takeaway food",4.7,37,ChIJ8zy2c7c4WyoRzynJMs3k1ww,-33.8418804,121.8914019
Esperance Bird & Animal Park Café,"Lot 3/549 Coolgardie Esperance Hwy, Esperance WA 6450, Australia",(08) 9076 1067,https://esperancebirdandanimalpark.com/,"cafe,establishment,food,lodging,point_of_interest,zoo",Esperance,"restaurants,cafes",4.5,283,ChIJE3uKq-E6WyoRlJT84pxC1v0,-33.7292354,121.8478943
Down Town Espresso Bar,"94C Dempster St, Esperance WA 6450, Australia",,,"cafe,establishment,food,point_of_interest,store",Esperance,"restaurants,cafes,takeaway food",4.6,347,ChIJ8_grcVdHWyoRtk8RTOXtFvc,-33.8620567,121.8913324
Dôme Café,"19-21 Andrew St, Esperance WA 6450, Australia",(08) 9071 6160,http://www.domecoffees.com/,"cafe,establishment,food,point_of_interest,restaurant,store",Esperance,"restaurants,cafes,takeaway food",4,819,ChIJ-26SoFdHWyoRkaeAlcniu54,-33.8613203,121.8922
Xing's Sushi & Noodle,"6 Andrew St, Esperance WA 6450, Australia",(08) 9071 5826,,"establishment,food,point_of_interest,restaurant",Esperance,"restaurants,cafes,takeaway food",4,255,ChIJE7AwIGNHWyoR2bs9stk8wE0,-33.861902,121.8925529
Golden Orient Chinese Restaurant,"49 Dempster St, Esperance WA 6450, Australia",(08) 9071 3744,,"establishment,food,point_of_interest,restaurant",Esperance,"restaurants,takeaway food",3.5,451,ChIJ7W8p66k4WyoRfjqlDEAS0rc,-33.8569857,121.8949059
"Hospitality Esperance, SureStay Collection by Best Western","46 The Esplanade, Esperance WA 6450, Australia",(08) 9071 1999,https://www.bestwestern.com/en_US/book/hotel-rooms.90919.html?aff=BAU&iata=90000026&ssob=BLSSH0004G&cid=BLSSH0004G:google:gmb:90919,"establishment,lodging,point_of_interest",Esperance,"restaurants,hotels",4,561,ChIJJfAq91ZHWyoRzFHwgPr01_I,-33.860696,121.8939257
Aurelia's Ice Creamery and Cafe,"84 The Esplanade, Esperance WA 6450, Australia",(08) 9072 0002,https://www.facebook.com/aureliasicc/,"cafe,convenience_store,establishment,food,meal_takeaway,point_of_interest,restaurant,store",Esperance,"restaurants,cafes,takeaway food",4.5,112,ChIJwaCBPVBHWyoREk_RvjpH1mk,-33.8683614,121.8919034
Esperance Boulevard,"1 Forrest Street Cnr Windich Street, 1 Forrest St, Esperance WA 6450, Australia",(08) 9505 9008,https://www.esperanceboulevard.com.au/,"establishment,food,point_of_interest,restaurant,shopping_mall,store",Esperance,"restaurants,cafes,supermarkets and convenience stores",4.2,1012,ChIJb7BdM6g4WyoRA2X4DWpr-Go,-33.858301,121.8909771
Tina’s boba and lemon tea,"Bow Park, Esperance WA 6450, Australia",0460 888 373,,"establishment,food,point_of_interest,restaurant",Esperance,"restaurants,cafes,takeaway food",5,1,ChIJC0WVk_BHWyoR7egJFzqLzO8,-33.864615,121.8934989
Curry Palace Indian Restaurant.,"1 Mills Pl, Esperance WA 6450, Australia",(08) 9071 4622,,"establishment,food,point_of_interest,restaurant",Esperance,"restaurants,takeaway food",3.6,346,ChIJefwg6EJHWyoRgmas4Z5jAPU,-33.8736708,121.8809851
Red Rooster Esperance,"Boulevard Drive Shopping Centre Corner Randell, Forrest St, Esperance WA 6450, Australia",(08) 9071 3825,https://www.redrooster.com.au/locations/esperance/?utm_content=Red%20Rooster%20Esperance&utm_campaign=Google%20My%20Business&utm_medium=organic&utm_source=google&utm_term=plcid_185077488754911708,"establishment,food,point_of_interest,restaurant",Esperance,"restaurants,takeaway food",3.2,334,ChIJp07w7Kc4WyoRmJma3a_T74U,-33.8585642,121.8918882
Coffee Cat,"1A The Esplanade, Esperance WA 6450, Australia",,,"cafe,establishment,food,point_of_interest,store",Esperance,"restaurants,cafes,takeaway food",4.7,447,ChIJ8bmwQKs4WyoRmzqTxSfZv_M,-33.852855,121.9010271
McDonald's Esperance,"117 Dempster St, Esperance WA 6450, Australia",(08) 9071 6055,https://mcdonalds.com.au/?utm_medium=local&utm_source=google%20my%20business&utm_campaign=local%20search&utm_content=wa&utm_term=mcdonalds%20esperance,"cafe,establishment,food,meal_takeaway,point_of_interest,restaurant,store",Esperance,"restaurants,cafes,takeaway food",3.4,1006,ChIJO1nZAVpHWyoRjxDmwKr5C64,-33.8647425,121.8903192
Top End Takeaway,"119 Dempster St, Esperance WA 6450, Australia",(08) 9071 2000,,"establishment,food,meal_takeaway,point_of_interest,restaurant",Esperance,"restaurants,takeaway food",4.1,360,ChIJLY6XBlpHWyoRPxTkKZu-t7w,-33.865036,121.8902054
Esperance Pink Lake Tourist Park,"113 Pink Lake Rd, Nulsen WA 6450, Australia",(08) 9071 2424,https://esperancepinklake.com.au/,"campground,establishment,lodging,point_of_interest,rv_park",Esperance,"restaurants,hotels",4.1,762,ChIJ6cJK7Zo4WyoRCpOCgXUYJ9w,-33.8580588,121.8693118
Lucky Roe Snack Bar,"Unit 2/56 Norseman Rd, Chadwick WA 6450, Australia",(08) 9071 2005,http://luckyroe.com.au/,"establishment,food,meal_takeaway,point_of_interest,restaurant",Esperance,"restaurants,cafes",4.2,6,ChIJpbHKOAA5WyoRs35GDr-QMtY,-33.8335363,121.8961099
Taylor street jetty,"4VMW+V6, Esperance WA 6450, Australia",,,"establishment,point_of_interest,tourist_attraction",Esperance,restaurants,4.5,23,ChIJh8IVeppHWyoR-7numT-mqrQ,-33.8653288,121.8955492
Esperance Visitor Centre,"&, Dempster Street, Kemp St, Esperance WA 6450, Australia",(08) 9083 1555,http://www.visitesperance.com/,"establishment,point_of_interest,store,tourist_attraction,travel_agency",Esperance,"restaurants,cafes",4.4,824,ChIJd7tl8ak4WyoRrS98qVFOW9A,-33.8572947,121.8955065
Subway,"Business Centre, Shop 8/75-79 Dempster St, Esperance WA 6450, Australia",(08) 9072 1936,http://www.subway.com.au/store/37366,"establishment,food,point_of_interest,restaurant",Esperance,"restaurants,takeaway food",4,205,ChIJ_SQAwldHWyoRq4mPiEDgp5U,-33.8600404,121.8921272
The Travellers Inn - Pub,"16 Phyllis St, Castletown WA 6450, Australia",(08) 9071 1677,https://www.the-travs.com/,"bar,establishment,point_of_interest",Esperance,pubs and bars,4.4,18,ChIJsxwkOgA_WyoRYGj2Nuk1UCc,-33.8430323,121.9036849
Condingup Tavern,"Corner of Ayre &, Parish St, Condingup WA 6459, Australia",(08) 9076 6024,http://www.condinguptavern.com.au/,"bar,convenience_store,establishment,food,point_of_interest,store",Esperance,pubs and bars,4.4,247,ChIJh95jJ_-ZWyoRYtXC8EAFZMA,-33.750218,122.533708
Lucky Bay Brewing,"63 Bandy Creek Rd, Esperance WA 6450, Australia",0429 777 714,https://www.luckybaybrewing.com.au/,"establishment,food,point_of_interest",Esperance,pubs and bars,4.6,691,ChIJH4EQHu03WyoR2hj8A474n0Q,-33.8211593,121.9396362
Gibson Soak Hotel,"34414 Coolgardie Esperance Hwy, Gibson WA 6448, Australia",(08) 9075 4020,http://gibson-soak-hotel.poi.place/,"establishment,lodging,point_of_interest",Esperance,pubs and bars,4.4,260,ChIJVShefpEoWyoR99LPWbjDSBs,-33.6520855,121.8140486
Lucky Bean Cafe,"Lucky Bay Rd, Cape Le Grand WA 6450, Australia",,https://www.facebook.com/share/1AFmP7YLvB/,"establishment,point_of_interest",Esperance,cafes,4.9,13,ChIJCb2wZwB7WyoRHUbxvm-WyZs,-33.9900279,122.2220189
BeanBreak,"Goldfields Rd, Castletown WA 6450, Australia",0410 476 093,https://bopple.app/beanbreak/menu,"establishment,point_of_interest",Esperance,cafes,4.8,30,ChIJm7NoWGU_WyoRwpiajqgeYWk,-33.8460931,121.9023586
Witches Brew Drive Thru Coffee,"7 Forrest St, Esperance WA 6450, Australia",(08) 9071 6131,,"cafe,establishment,food,point_of_interest,store",Esperance,"cafes,takeaway food",4.4,126,ChIJ7SB646c4WyoR4BrfHNfuM7g,-33.8588539,121.8899846
Little Local on Dempster,"88 Dempster St, Esperance WA 6450, Australia",0461 288 506,https://www.breadlocal.com.au/,"bakery,establishment,food,point_of_interest,store",Esperance,"cafes,takeaway food",4.9,70,ChIJH1BN0StHWyoR58epAkEHZdQ,-33.86049,121.8926692
New Moon Van,"Jetty Headland, 1c The Esplanade, Esperance WA 6450, Australia",0473 941 060,,"cafe,establishment,food,point_of_interest",Esperance,"cafes,takeaway food",4.7,45,ChIJgVFVMq85WyoRd65Tr_Zqerg,-33.8527512,121.9011457
Esperance French Hot Bread Shop,"85 Dempster St, Esperance WA 6450, Australia",(08) 9071 7705,,"bakery,establishment,food,point_of_interest,store",Esperance,"cafes,takeaway food",4.3,490,ChIJrXkFlldHWyoROCWXlpY34HY,-33.8606759,121.8916727
Redz Pies - Esperance Bakery,"74 Pink Lake Rd, Esperance WA 6450, Australia",(08) 9071 2246,http://www.facebook.com/EsperanceBakery,"bakery,establishment,food,point_of_interest,store",Esperance,cafes,4.4,61,ChIJD6TQFp84WyoRyRVb5rP267g,-33.8599087,121.876889
Just A Little Cafe,"4 Maritana St, Piccadilly WA 6430, Australia",0428 705 252,https://www.facebook.com/Justalittlecafe,"cafe,establishment,food,point_of_interest,restaurant,store",Esperance,cafes,4.4,260,ChIJ4Yh1fOpnTSoREYdwph7HLa0,-30.73901,121.465258
Cafe 312,"312 Hannan St, Kalgoorlie WA 6430, Australia",0451 912 312,https://www.cafe312.com.au/,"cafe,establishment,food,point_of_interest,restaurant,store",Esperance,cafes,4.2,344,ChIJA5aviLdnTSoRpq470btO-NE,-30.7487327,121.4704713
Coffee @ The Shed,"4 Raeburn Rd, Roleystone WA 6111, Australia",0433 154 418,https://www.facebook.com/profile.php?id=100093555121807,"cafe,establishment,food,meal_takeaway,point_of_interest,restaurant,store",Esperance,cafes,4.7,186,ChIJJdXq2lDrMioRdt_8SxBtV7k,-32.10376290000001,116.0697657
Radiance Coffee,"71 Wapato Way Unit B, Manson, WA 98831, USA",(509) 687-4142,http://radiancecoffee.com/,"cafe,establishment,food,point_of_interest,restaurant,store",Esperance,cafes,5,21,ChIJ86veXmmdm1QRrwmpQoUUIiI,47.8849378,-120.1594371
The Jetty Resort,"2 Dempster St, Esperance WA 6450, Australia",(08) 9071 3333,http://www.thejettyresort.com.au/,"establishment,lodging,point_of_interest",Esperance,hotels,4.3,408,ChIJdUYmbas4WyoRpi_QifaM49M,-33.8529445,121.8995201
Driftwood Apartments,"69 The Esplanade, Esperance WA 6450, Australia",0428 716 677,https://driftwoodapartments.com.au/,"establishment,lodging,point_of_interest",Esperance,hotels,4.8,30,ChIJc0M7lVBHWyoRTrN3UyzIRSE,-33.865469,121.891773
The Esperance Accommodation,"94F Dempster St, Esperance WA 6450, Australia",0429 424 660,http://www.theesperanceaccommodation.com.au/,"establishment,lodging,point_of_interest",Esperance,hotels,4.1,13,ChIJ4d1zDlRHWyoRqLJLpBRSRvs,-33.862245,121.8914289
RAC Esperance Holiday Park,"Goldfields Rd, Castletown WA 6450, Australia",(08) 9071 1251,https://parksandresorts.rac.com.au/esperance/?utm_source=google&utm_medium=organic&utm_campaign=gbp-esperance,"campground,establishment,lodging,point_of_interest,rv_park",Esperance,hotels,4.2,1058,ChIJT3VbqFI_WyoRFC-qTjG2Qd8,-33.8448715,121.9017562
Esperance Chalet Village,"29 Frank Freeman Dr, Esperance WA 6450, Australia",(08) 9071 1861,https://www.esperancechaletvillage.com.au/,"establishment,lodging,point_of_interest",Esperance,hotels,4.8,223,ChIJQfqajxQ_WyoREaAXB1WttbM,-33.8261818,121.9294731
Esperance Clearwater Motel Apartments,"1A William St, Esperance WA 6450, Australia",(08) 9071 3587,http://www.clearwatermotel.com.au/,"establishment,lodging,point_of_interest",Esperance,hotels,4.5,128,ChIJEV_3rlBHWyoRAw1Ah0qkLk0,-33.864765,121.8907596
Comfort Inn Bay of Isles,"32 The Esplanade, Esperance WA 6450, Australia",(08) 9071 9000,https://www.choicehotels.com/western-australia/esperance/comfort-inn-hotels/au599?mc=llgoxxap,"establishment,lodging,point_of_interest",Esperance,hotels,4.2,452,ChIJc4p9Bqs4WyoRTBY6iz8PdEw,-33.8586716,121.8955797
Esperance Bay Holiday Park,"162 Dempster St, Esperance WA 6450, Australia",(08) 9071 2237,https://summerstar.com.au/caravan-parks/esperance-bay?utm_source=google&utm_medium=organic&utm_campaign=gbp-website,"campground,establishment,lodging,point_of_interest,rv_park",Esperance,hotels,4.3,724,ChIJ5wF5AVBHWyoRHFsELehm2KI,-33.8692078,121.8902581
Esperance Beach House & Villas,"20 The Esplanade, Esperance WA 6450, Australia",0427 774 287,https://esperancecentral.com/,"establishment,lodging,point_of_interest",Esperance,hotels,4.7,14,ChIJU3Rtbao4WyoRj2Q3DU7Cp9E,-33.8566345,121.8976025
Archipelago Apartments Esperance,"24/26 Goldfields Rd, Esperance WA 6450, Australia",(08) 9071 7100,https://archipelagoapartments.com.au/,"establishment,lodging,point_of_interest",Esperance,hotels,4.1,62,ChIJOZ1GBEw_WyoR-6r1WVmkQMY,-33.8400538,121.9071224
Bayview Motel Esperance,"31 Dempster St, Esperance WA 6450, Australia",(08) 9071 1533,https://bayviewmotel.com.au/,"establishment,lodging,point_of_interest",Esperance,hotels,4.2,271,ChIJN-pQ1as4WyoRHc_AdgDVwzU,-33.8553435,121.8961515
Captain Huon Motel,"5 The Esplanade, Esperance WA 6450, Australia",(08) 9071 2383,https://captainhuonhousemotel.com/,"establishment,lodging,point_of_interest",Esperance,hotels,4.6,68,ChIJK81qG6s4WyoRwN7f1eMeMRE,-33.8539118,121.8998546
Esperance Beachfront Resort,"19 The Esplanade, Esperance WA 6450, Australia",(08) 9071 5442,,"establishment,lodging,point_of_interest",Esperance,hotels,4.4,124,ChIJCawXa6o4WyoRBV5tEpQIGbI,-33.8560638,121.8976898
La Cabane Retreat Esperance,"87 Downes St, Pink Lake WA 6450, Australia",0412 936 916,http://www.lacabaneretreat.com.au/index.html,"establishment,lodging,point_of_interest",Esperance,hotels,4.6,17,ChIJYSkLb2M4WyoRkPr8elNLGPw,-33.8619323,121.8601175
Esperance Central Apartments,"73 The Esplanade, Esperance WA 6450, Australia",0427 774 287,http://esperancecentral.com/,"establishment,lodging,point_of_interest",Esperance,hotels,4.5,53,ChIJJx8bjVBHWyoR9RXZ5jK3OVg,-33.8661193,121.8916778
Esperance Coastal Retreat,"561 Fisheries Rd, Myrup WA 6450, Australia",0428 151 448,,"establishment,lodging,point_of_interest",Esperance,hotels,4.5,43,ChIJ_UPtq_s-WyoRue2Ic_ApZE4,-33.7989157,121.9389134
Box Hill Esperance,"804 Merivale Rd, Myrup WA 6450, Australia",0438 878 970,https://www.boxhillesperance.com.au/,"establishment,lodging,point_of_interest",Esperance,hotels,5,26,ChIJtft68NQVWyoRf-umglySMvE,-33.7898963,122.0083247
Tranquil Retreat,"115 Tranquil Dr, Esperance WA 6450, Australia",(08) 9071 5392,,"establishment,lodging,point_of_interest",Esperance,hotels,5,16,ChIJCZn-OiI_WyoRVXXckrnoBP0,-33.8137872,121.9277391
Towncrackers Guest House,"44 Pink Lake Rd, Esperance WA 6450, Australia",,,"establishment,lodging,point_of_interest",Esperance,hotels,4.3,6,ChIJxT2bMX05WyoRH9zV66_-KZI,-33.8611979,121.8823433
EcoValley Retreat,"6450/LOT 1 Valley Rd, Pink Lake WA 6450, Australia",0418 935 169,http://www.ecovalleyretreat.com.au/,"establishment,lodging,point_of_interest",Esperance,hotels,4.8,24,ChIJU_gBOPM4WyoR80GzcErR_d4,-33.8469782,121.8630531
JJ's Holiday Cottages,"49 Mitchell Street, and, 67A Westmacott St, Esperance WA 6450, Australia",0402 459 915,http://www.jjsholidaycottages.com.au/,"establishment,lodging,point_of_interest",Esperance,hotels,4.7,19,ChIJpdxbhEc_WyoRvpCsLEr6rio,-33.8354125,121.9170873
Casadepuravida1,"20 Morton Way, Nulsen WA 6450, Australia",0448 715 924,,"establishment,lodging,point_of_interest",Esperance,hotels,,,ChIJ0Rb-f5U5WyoR9sEeUQJGlws,-33.8556658,121.8738056
Alexander Drive B & B,"5 Alexander Dr, Esperance WA 6450, Australia",0418 938 350,,"establishment,lodging,point_of_interest",Esperance,hotels,4.8,5,ChIJ__8vmTg_WyoROQd8_enmyvE,-33.8313604,121.9172213
Nutcrackers Lodge,"180 Orana Dr, Myrup WA 6450, Australia",0428 286 513,,"establishment,lodging,point_of_interest",Esperance,hotels,4.7,15,ChIJQUbFmMI-WyoRP2LC-CDnmZo,-33.7910277,121.9222587
Bathers Paradise Caravan Park Esperance,"45 Westmacott St, Esperance WA 6450, Australia",0499 149 520,http://www.bathersparadise.com.au/,"establishment,lodging,point_of_interest,rv_park",Esperance,hotels,4.2,670,ChIJ1RjKPUY_WyoRJ6ynpqh-6_0,-33.836139,121.9147254
Acclaim Pine Grove Holiday Park,"817 Harbour Rd, Esperance WA 6450, Australia",(08) 9071 4100,http://www.acclaimparks.com.au/,"establishment,lodging,point_of_interest",Esperance,hotels,3.3,322,ChIJSSTT8IaJtAERor7eTrUYn_0,-33.8329931,121.8904146
Bushlands caravan park,"97 Collier Rd, Pink Lake WA 6450, Australia",(08) 9071 1346,,"establishment,lodging,point_of_interest,rv_park",Esperance,hotels,4.2,238,ChIJ6RYH-1c4WyoRcur80SDXJU0,-33.838895,121.8557561
Caltex Castletown,"49 Norseman Rd, Esperance WA 6450, Australia",(07) 3457 2500,https://www.caltex.com/au,"establishment,gas_station,point_of_interest",Esperance,service stations,4.2,87,ChIJGU94E7U4WyoRtKMEbWBhZus,-33.8381334,121.8996375
Ampol Foodary Esperance Rest,"Cnr Dempster &, Hicks St, Esperance WA 6450, Australia",(08) 9071 5892,https://locations.ampol.com.au/en/ampol-foodary-esperance-rest,"cafe,convenience_store,establishment,food,gas_station,point_of_interest,store",Esperance,service stations,3.7,232,ChIJ_8YG2Kk4WyoRTwhz5g7cm4k,-33.8580279,121.8941005
Shell,"25 Andrew St, Windich St, Esperance WA 6450, Australia",(08) 6002 8869,https://find.shell.com/au/fuel/10111240-shell-reddy-express-esperance/en_AU,"establishment,gas_station,point_of_interest",Esperance,service stations,5,3,ChIJT3phsllHWyoRYsRxIkrfgq8,-33.8611332,121.8905832
bp Truckstop,"Lot 10/Lot 10 Lot 10/Lot 10 Harbour Rd, Chadwick WA 6450, Australia",(08) 9071 2882,https://map.bp.com/en-AU/AU/gas-station/esperance/bp-opt-esperance/6250,"establishment,gas_station,point_of_interest",Esperance,service stations,3.9,43,ChIJGWoaws44WyoRMuLUUIdEXGo,-33.8321,121.8943
Caltex,"Harbour Rd, Esperance WA 6450, Australia",,,"establishment,gas_station,point_of_interest",Esperance,service stations,4,7,ChIJ40Zd8Lg4WyoRTsUcyEabuxo,-33.8422131,121.8869936
bp,"1 Gladstone St, Esperance WA 6450, Australia",(08) 9071 1065,https://map.bp.com/en-AU/AU/gas-station/esperance/dpt-esperance-wa/6104,"establishment,gas_station,point_of_interest",Esperance,service stations,5,1,ChIJUdYYrZo5WyoRD-hXjMrLZRs,-33.8519,121.8979
bp,"57 Goldfields Rd, Castletown WA 6450, Australia",(08) 9071 1473,https://map.bp.com/en-AU/AU/gas-station/esperance/bp-castletown/6329,"atm,establishment,finance,gas_station,point_of_interest",Esperance,service stations,4.1,14,ChIJbXoRZ0k_WyoR8lzCDUfPkQM,-33.838,121.908
Shell Reddy Express Esperance,"25 Andrew St (Corner, Windich St, Esperance WA 6450, Australia",(08) 6002 8869,https://www.reddyexpress.com.au/stores?utm_source=extnet&utm_medium=yext&utm_campaign=6951,"convenience_store,establishment,food,gas_station,point_of_interest,store",Esperance,"service stations,supermarkets and convenience stores",4,56,ChIJrar1J1hHWyoRudvr8qPzYc0,-33.86103610000001,121.8906242
Harbour Rd Truckstop,"213 Harbour Rd, Esperance WA 6450, Australia",,,"establishment,gas_station,point_of_interest",Esperance,service stations,3.6,12,ChIJw-wvws44WyoRfX_pvv5dLz4,-33.832171,121.894287
The Deli King,"5 Andrew St, Esperance WA 6450, Australia",(08) 9071 4069,https://www.facebook.com/pages/category/Local-Service/The-Deli-King-Esperance-952108878462960/,"establishment,food,point_of_interest,store",Esperance,takeaway food,4.8,150,ChIJZQecOQ5HWyoR385zn8BMJzE,-33.86161,121.893042
Cloud Eleven Coffee Roaster & Takeaway,"Shop 13/75-79 Dempster St, Esperance WA 6450, Australia",,,"cafe,establishment,food,point_of_interest",Esperance,takeaway food,5,2,ChIJQY5XjzxHWyoR36I6DuZd1Rk,-33.8596093,121.8921314
Brumby's Esperance,"Esperance Boulevard Shopping Centre, 6/1 Forrest St, Esperance WA 6450, Australia",(08) 9071 4222,https://www.brumbys.com.au/?utm_source=google&utm_medium=organic&utm_campaign=Google+My+Business&utm_term=plcid_15552809570151739868&utm_content=Brumby%27s+Bakery+-+Esperance,"bakery,cafe,establishment,food,point_of_interest,store",Esperance,takeaway food,4.5,40,ChIJ-Sa2Dag4WyoRscn69F8QXbs,-33.8580211,121.8905914
New Moon Van @ The Boat Ramp,"Bow Park Boat Ramp, Esperance WA 6450, Australia",0473 941 060,,"cafe,establishment,food,point_of_interest",Esperance,takeaway food,5,4,ChIJaR5QFNNHWyoRiq66YBdoCpQ,-33.8634953,121.8929164
Domino's Pizza Esperance,"Esperance Boulevard Shopping Centre, Shop 13A/1 Forrest St, Esperance WA 6450, Australia",(08) 9076 3220,https://www.dominos.com.au/?utm_source=google&utm_medium=local&utm_campaign=yext,"establishment,food,meal_delivery,meal_takeaway,point_of_interest,restaurant",Esperance,takeaway food,3.9,368,ChIJpdY9Dqg4WyoRk_-dj-mjlk4,-33.85837679999999,121.8910333
Ports Football Club,"Black St, Esperance WA 6450, Australia",,,"establishment,point_of_interest",Esperance,sporting clubs,5,3,ChIJPd61tVs5WyoR7_KvzhazD4A,-33.8550326,121.8846005
Bay of Isles Leisure Centre,"21 Black St, Esperance WA 6450, Australia",(08) 9083 1700,https://www.esperance.wa.gov.au/bay-isles-leisure-centre,"establishment,point_of_interest",Esperance,sporting clubs,4.2,49,ChIJYXGmjco5WyoRoUD7R6yxhXA,-33.8575532,121.8852482
Esperance Indoor Stadium,"Esperance Squash Club, 21 Black St, Esperance WA 6450, Australia",,,"establishment,point_of_interest,stadium",Esperance,sporting clubs,4.8,4,ChIJYyM1ffk5WyoRtKDyp8KtPDE,-33.8563203,121.8852508
Esperance Bay Turf Club,"Lot 202 Bandy Creek, Fisheries Rd, Esperance WA 6450, Australia",(08) 9071 3506,http://www.ebtc.com.au/,"establishment,point_of_interest",Esperance,sporting clubs,4.4,47,ChIJy-_RPxg_WyoRfLsRujH8x68,-33.8184852,121.9277801
Esperance Soccer Association,"Jane St, Esperance WA 6450, Australia",0428 762 258,https://espsoccer.tidyhq.com/,"establishment,point_of_interest",Esperance,sporting clubs,4.5,19,ChIJ2dSHR6Q4WyoR9IhRNktVvdE,-33.85431,121.8866996
Newtown Condingup Football Club,"Myrup WA 6450, Australia",0427 608 097,,"establishment,point_of_interest",Esperance,sporting clubs,4.9,7,ChIJQVX-ehs_WyoR1scOvlOjf7g,-33.8124252,121.9336342
SportsPower Esperance,"96 Dempster St, Esperance WA 6450, Australia",(08) 9071 2365,https://sportspower.com.au/pages/sportspower-esperance,"establishment,point_of_interest,store",Esperance,sporting clubs,4.5,46,ChIJY1b2bFdHWyoRhNZtpvhWj8g,-33.8624649,121.8914413
Esperance Bay Yacht Club,"The Esplanade, Esperance WA 6450, Australia",(08) 9071 3323,http://www.ebyc.com.au/,"establishment,point_of_interest",Esperance,sporting clubs,4.5,60,ChIJ1Vapt68IbAER3un0bZwWokc,-33.8655556,121.8930556
Esperance Tennis Club,"Corner of Black St and, Jane St, Esperance WA 6450, Australia",(08) 9071 1903,http://www.esperancetennisclub.com.au/,"establishment,point_of_interest",Esperance,sporting clubs,4.8,12,ChIJW1NbtqY4WyoRZ-DRkZ_jBto,-33.8559608,121.886383
Esperance Squash Club,"35 Black St, Esperance WA 6450, Australia",,https://www.revolutionise.com.au/esperancesc/,"establishment,point_of_interest",Esperance,sporting clubs,4.4,5,ChIJH2-mcaE4WyoRsO9UhIFHCew,-33.8575971,121.8824285
Esperance Deep Sea Angling Club,"99 Daw Dr, Bandy Creek WA 6450, Australia",(08) 9071 3831,https://m.facebook.com/profile.php?id=244044619013964,"establishment,point_of_interest",Esperance,sporting clubs,4.8,5,ChIJHYdsq20_WyoRV-ttYRaKeak,-33.8298582,121.9332024
Gibson Football Club,"Starr St, Gibson WA 6448, Australia",(08) 9071 3587,,"establishment,point_of_interest",Esperance,sporting clubs,4.6,14,ChIJB_QOwFYvWyoRa-55Sw0VOlQ,-33.6470489,121.806137
Esperance Oval,"2 Coolgardie St, Nulsen WA 6450, Australia",,,"establishment,point_of_interest",Esperance,sporting clubs,3.9,20,ChIJNS8Mekk5WyoRO1wgcJLsRaI,-33.8587448,121.8797466
Basketball,"21 Black St, Esperance WA 6450, Australia",,,"establishment,point_of_interest",Esperance,sporting clubs,,,ChIJ3UylHwA5WyoRg5v6DNpu8KQ,-33.8565533,121.8852305
Esperance Hockey Association,"Esperance WA 6450, Australia",,https://www.revolutionise.com.au/esperancehockey/home/,"establishment,point_of_interest",Esperance,sporting clubs,5,4,ChIJQY5LIhk5WyoRNs8NEWWd4qA,-33.8540614,121.8844368
The Mission To Seafarers,"166 Dempster St, Esperance WA 6450, Australia",,http://www.mts.org.au/esperance,"establishment,point_of_interest",Esperance,sporting clubs,3.6,15,ChIJh36J_09HWyoRnovjfnFTZdA,-33.8695424,121.8905911
ESPERANCE RIFLE CLUB,"151 Connolly St, West Beach WA 6450, Australia",0427 997 274,,"establishment,gym,health,point_of_interest",Esperance,sporting clubs,,,ChIJRS0wdHtHWyoRFoKX5jr7oko,-33.8727851,121.8650116
Esperance Showgrounds,"Black St, Esperance WA 6450, Australia",,,"campground,establishment,lodging,point_of_interest,tourist_attraction",Esperance,sporting clubs,3.8,309,ChIJnSzPX6E4WyoRKiSP5XgSeYI,-33.8566243,121.8833656
Lawn bowls,"Esperance WA 6450, Australia",,,"establishment,point_of_interest",Esperance,sporting clubs,,,ChIJSx2zBABHWyoRw2YDOKQYLuE,-33.8613953,121.8912724
The Shire of Esperance,"Windich St, Esperance WA 6450, Australia",(08) 9071 0666,https://www.esperance.wa.gov.au/,"establishment,point_of_interest",Esperance,sporting clubs,3.7,16,ChIJb7BdM6g4WyoRZaakbrhsy2U,-33.860172,121.8902206
Ports Cricket Club,"Black St, Esperance WA 6450, Australia",0411 090 318,https://www.playhq.com/cricket-australia/org/ports-cricket-club-inc/81a425e8,"establishment,point_of_interest",Esperance,sporting clubs,,,ChIJx8QtoQY5WyoR7twRhU3e4fI,-33.8549274,121.8846542
Woolworths Esperance,"Boulevard Shopping Centre, 1 Forrest St, Esperance WA 6450, Australia",(08) 9076 4400,https://www.woolworths.com.au/shop/storelocator/wa-esperance-4383?utm_source=google&utm_medium=organic&utm_campaign=googleplaces&utm_content=woolworths_supermarkets_4383,"establishment,food,grocery_or_supermarket,point_of_interest,store,supermarket",Esperance,supermarkets and convenience stores,4,761,ChIJmyOgB6g4WyoRmMzebnvOR-Y,-33.8580211,121.8905914
IGA Esperance Fresh Food,"97 Dempster St, Esperance WA 6450, Australia",(08) 9071 1498,https://www.iga.com.au/stores/iga-esperance-fresh-food/?utm_source=google&utm_medium=organic&utm_campaign=Google+My+Business&utm_content=IGA+Esperance+Fresh+Food&utm_term=plcid_12533834145229612515,"convenience_store,establishment,food,grocery_or_supermarket,point_of_interest,store,supermarket",Esperance,supermarkets and convenience stores,3.9,314,ChIJuxs-fldHWyoRXEM-sOwKUWU,-33.862164,121.890555
IGA Local Grocer Esperance,"67 Goldfields Rd, Esperance WA 6450, Australia",(08) 9071 3515,https://www.iga.com.au/?utm_term=plcid_16972216088003191756&utm_source=google&utm_medium=organic&utm_campaign=Google+My+Business&utm_content=IGA+Local+Grocer+Esperance,"convenience_store,establishment,food,grocery_or_supermarket,point_of_interest,store,supermarket",Esperance,supermarkets and convenience stores,3.7,196,ChIJR1qxcUk_WyoRuy59ZHfSM6A,-33.8373786,121.9083302
Pink Lake IGA,"72 Pink Lake Rd, Esperance WA 6450, Australia",(08) 9071 1733,https://www.iga.com.au/?utm_term=plcid_13919312811380357585&utm_source=google&utm_medium=organic&utm_campaign=Google+My+Business&utm_content=Pink+Lake+IGA+-+Esperance,"convenience_store,establishment,food,grocery_or_supermarket,point_of_interest,store,supermarket",Esperance,supermarkets and convenience stores,4.2,300,ChIJz0cCEp84WyoRJOZbvwx64Ik,-33.8597749,121.8773336
Esperance Asian Shop,"82 Pink Lake Rd, Sinclair WA 6450, Australia",0488 006 804,,"establishment,food,grocery_or_supermarket,point_of_interest,store",Esperance,supermarkets and convenience stores,4.8,8,ChIJxbhuH584WyoR0Y9BjDa8Nsc,-33.8598028,121.8764252
Bob and Jim's General Store,"73 Dempster St, Esperance WA 6450, Australia",(08) 9071 7171,https://bobandjims.com.au/,"establishment,food,grocery_or_supermarket,point_of_interest,store",Esperance,supermarkets and convenience stores,4.4,21,ChIJHWRaxVdHWyoRJ0oYgdFbgE0,-33.85962680000001,121.8926963
